,title,url,year,status
0,"L’année 1437 dans la pratique de Pierre Christofle, notaire du Châtelet d’Orléans",http://elec.enc.sorbonne.fr/christofle/index.html,2016,200
1,The Aberdeen Bestiary,http://www.abdn.ac.uk/bestiary,1996,200
2,apw - Acta Pacis Westphalicae,http://apw.digitale-sammlungen.de/,2014,200
3,Édition numérique des Actes des églises réformées de Bourgogne au XVIIe siècle.,http://synodes-protestants.symogih.org/index.html,2018,200
4,Actes royaux,http://www.cn-telma.fr/actesroyaux/index/,2008,404
5,Adams Family Papers - An Electronic Archive,http://www.masshist.org/digitaladams/archive/,2003,200
6,The Adams Papers Digital Edition,https://rotunda.upress.virginia.edu/founders/ADMS.html,2008,200
7,John Quincy Adams Diary,https://www.masshist.org/publications/jqadiaries/index.php,2017,200
8,The Jane Addams Digital Edition,https://digital.janeaddams.ramapo.edu,2015,200
9,The Latin Prose and Poetry of Joseph Addison,http://www.philological.bham.ac.uk/Addison/,1997,200
10,Die Relatio Adelberts von Heidenheim und der Text Ilsungs,http://www.forschungsdatenarchiv.escience.uni-tuebingen.de/adlils/adelbert_relatio,2016,"HTTPConnectionPool(host='www.forschungsdatenarchiv.escience.uni-tuebingen.de', port=80): Max retries exceeded with url: /adlils/adelbert_relatio (Caused by NewConnectionError('<urllib3.connection.HTTPConnection object at 0x7f3f7e712cb0>: Failed to establish a new connection: [Errno -2] Name or service not known'))"
11,African American Women Writers of the 19thCentury,http://digital.nypl.org/schomburg/writers_aa19/,1998,200
12,Anna Lætitia Aikin: Poems (1773),https://romantic-circles.org/editions/contemps/barbauld/poems1773/,2000,200
13,The Alcalá Account Book,,2008,Invalid URL '': No schema supplied. Perhaps you meant http://?
14,Alciato's Book of Emblems: The Memorial Web Edition in Latin and English,http://www.mun.ca/alciato/,1995,200
15,D'Alembert en toutes lettres,http://dalembert.academie-sciences.fr/Correspondance,2013,200
16,"Altfranzösische Urkunden, 1237-1281. Edition der Urkunden Gräfin Ermesindes (1226-1247) und Graf Heinrichs V. (1247-1281) von Luxemburg.",http://www.rmnet.uni-trier.de/cgi-bin/RMnetIndex.tcl?hea=qf&for=qafranzu,2003,200
17,Ancrene Wisse Preface,http://web.archive.org/web/20070530001208/http://www.tei-c.org.uk/Projects/EETS/,1999,200
18,"Con2: An Edition of The Anglo-Saxon Chronicles, 924-983",http://web.archive.org/web/20080209001636/http://www.slu.edu/departments/english/chron/index.html,1996,200
19,"Eleventh-Century Anglo-Saxon Glossary From Ms. Brussels, Royal Library 1650: An Edition and Source Study",http://web.archive.org/web/20060828032335/http://www.wmich.edu/medieval/research/rawl/glossary/,1995,200
20,InsAph - Inscriptions of Aphrodisias Project,http://insaph.kcl.ac.uk/,2005,"HTTPSConnectionPool(host='insaph.kcl.ac.uk', port=443): Max retries exceeded with url: / (Caused by SSLError(SSLError(1, '[SSL: WRONG_SIGNATURE_TYPE] wrong signature type (_ssl.c:997)')))"
21,The Dynamic Edition of the Declaration of Arbroath,https://cotr.ac.uk/guidelines/dynamic-declaration-arbroath/,2020,200
22,Edizione Digitale di FGrHist 104 [Aristodemo],http://pietroliuzzo.github.io/Aristodemo/,2016,200
23,The Letters of Matthew Arnold,http://rotunda.upress.virginia.edu/arnold/,2006,200
24,Die Urkunden der Arnulfinger,http://web.archive.org/web/20131004095227/http://www.uni-bonn.de/~uph202/arnulfinger.shtml,1998,200
25,Deux visages de L'Astrée: Première édition critique de L'Astrée d'Honoré d'Urfé,https://astree.tufts.edu/_analyse/accueil.html,2007,200
26,The Auchinleck Manuscript,http://www.nls.uk/auchinleck/,2003,404
27,"Der Auschwitz-Prozess. Tonbandmitschnitte, Protokolle und Dokumente",,2004,Invalid URL '': No schema supplied. Perhaps you meant http://?
28,Jane Austen’s Fiction Manuscripts Digital Edition,http://www.janeausten.ac.uk/index.html,2011,"HTTPSConnectionPool(host='janeausten.ac.uk', port=443): Max retries exceeded with url: /index.html (Caused by SSLError(SSLError(1, '[SSL: WRONG_SIGNATURE_TYPE] wrong signature type (_ssl.c:997)')))"
29,Kitāb ʿAyn al-Naẓar fī ʿIlm al-Jadal by Shams al-Dīn al-Samarqandī (d. 722/1322),https://pages.ceres.rub.de/ayn-al-nazar/#fnref-idm258,2019,"HTTPSConnectionPool(host='pages.ceres.rub.de', port=443): Max retries exceeded with url: /ayn-al-nazar/ (Caused by NewConnectionError('<urllib3.connection.HTTPSConnection object at 0x7f3f7e7b4520>: Failed to establish a new connection: [Errno -3] Temporary failure in name resolution'))"
30,"Hermann Bahr, Arthur Schnitzler: Briefwechsel, Aufzeichnungen, Dokumente 1891-1931.",https://bahrschnitzler.acdh.oeaw.ac.at/index.html,2018,200
31,Balassi Bálint összes verse hálózati kritikai kiadás,http://magyar-irodalom.elte.hu/gepesk/bbom/cimlap.htm,1998,200
32,The Diary of Martha Ballard 1785-1812,http://dohistory.org/diary/index.html,2003,200
33,Herman Bangs breve,https://bangsbreve.dk,2015,200
34,Correspondance Barbeyrac (1702-1743),http://lumieres.unil.ch/projets/barbeyrac,2017,200
35,"Carl Louis Bargheer: Fiedellieder *plus* , Eine digitale Edition",https://bargheer.edirom.de,2012,200
36,"Bartholomeus Engelsman, Van den Proprieteyten der Dinghen",http://bartholomeusengelsman.huygens.knaw.nl/path/,2009,200
37,Jahrrechnungen der Stadt Basel 1535 bis 1610 – digital,http://gams.uni-graz.at/context:srbas,2015,200
38,Bayeux-Tapestry Digital Edition,http://www.sd-editions.com/bayeux/index.html,2002,404
39,Correspondence de Pierre Bayle,http://bayle-correspondance.univ-st-etienne.fr/,2011,200
40,Becerro Galicano de San Millán de la Cogolla,http://www.ehu.es/galicano/,2013,"HTTPSConnectionPool(host='www.ehu.eus', port=443): Max retries exceeded with url: /galicano/ (Caused by SSLError(SSLError(1, '[SSL: UNSAFE_LEGACY_RENEGOTIATION_DISABLED] unsafe legacy renegotiation disabled (_ssl.c:997)')))"
41,Samuel Beckett - Digital Manuscript Project,http://www.beckettarchive.org/login.html,2011,200
42,Thomas Lovell Beddoes. The Brides' Tragedy (1822),https://romantic-circles.org/editions/beddoes/index.html,2007,200
43,"Beecher-Stowe, Harriet: Uncle Tom’s Cabin and American Culture",http://www.iath.virginia.edu/utc/,1998,200
44,Beethoven-Haus Bonn - Digitales Archiv,https://da.beethoven.de/sixcms/detail.php?template=startseite_digitales_archiv_de,2004,"HTTPSConnectionPool(host='da.beethoven.de', port=443): Max retries exceeded with url: /sixcms/detail.php?template=startseite_digitales_archiv_de (Caused by ConnectTimeoutError(<urllib3.connection.HTTPSConnection object at 0x7f3f7e7b6800>, 'Connection to da.beethoven.de timed out. (connect timeout=10)'))"
45,The Alexander Graham Bell Family Papers,http://memory.loc.gov/ammem/bellhtml/bellhome.html,2000,200
46,Edition der falschen Kapitularien des Benedictus Levita,http://www.benedictus.mgh.de/,1998,200
47,Walter Benjamin Digital — Writings and Literaty Estate. Volume 11: Berliner Chronik / Berliner Kindheit um neunzehnhundert Facsimiles of the manuscripts and transcriptions,https://www.walter-benjamin.online/,2016,200
48,Electronic Beowulf,http://ebeowulf.uky.edu/,2000,200
49,Beowulf on Steorarume (Beowulf in Cyberspace),http://www.heorot.dk/,2002,200
50,"Bérardier de Bataut, Essai sur le récit",http://www.berardier.org/,2010,200
51,Letters and Texts: Intellectual Berlin around 1800,https://www.berliner-intellektuelle.eu,2012,200
52,Die Briefwechsel der Mathematiker Bernoulli,http://www.ub.unibas.ch/bernoulli/index.php/Briefe_im_Volltext,2011,200
53,The Bevan Family Letters,http://www.rth.org.uk/collections/bevan-dewar-letters,2009,200
54,The Ambrose Bierce Project,http://www.ambrosebierce.org/,2008,200
55,The William Blake Archive,http://www.blakearchive.org/,1996,200
56,The Collected Writings of Robert Bloomfield,https://romantic-circles.org/editions/bloomfield_poems/index.html,2019,200
57,The Letters of Robert Bloomfield and His Circle,https://romantic-circles.org/editions/bloomfield_letters/index.html,2009,200
58,The Banks of Wye by Robert Bloomfield,https://romantic-circles.org/editions/wye,2012,200
59,Decameron Web,https://www.brown.edu/Departments/Italian_Studies/dweb/,1994,200
60,"Edizione Critica Ipertestuale dello Zibaldone Laurenziano PL XXIX, 8",http://rmcisadu.let.uniroma1.it/boccaccio,1996,200
61,"The Diplomatic Correspondence of Thomas Bodley, 1585-1597",http://www.livesandletters.ac.uk/bodley/bodley.html,2011,200
62,Electronic Boethius - Alfred the Great's Old English 'Consolation Book',http://web.archive.org/web/20120226222144/http://beowulf.engl.uky.edu/~kiernan/eBoethius/inlad.htm,2002,200
63,De filosoof en de filoloog: De correspondentie tussen G. J. P. J. Bolland en P. J. Cosijn (1879-1899),https://correspondentie-bolland-en-cosijn.huygens.knaw.nl,2019,403
64,“… gantz unvergleichlich …” - Ernst Samuel Jacob Borchwards Reise ins Potsdam Friedrichs des Großen 1749,http://quellen-perspectivia.net/de/borchward/start,2015,200
65,BoschDoc,https://boschdoc.huygens.knaw.nl,2016,403
66,The Bosworth Letters,http://bosworthletters.vtcath.org/,2016,500
67,Les dossiers de Bouvard et Pécuchet,http://www.dossiers-flaubert.fr,2007,"HTTPSConnectionPool(host='www.dossiers-flaubert.fr', port=443): Max retries exceeded with url: / (Caused by SSLError(SSLError(1, '[SSL: UNSAFE_LEGACY_RENEGOTIATION_DISABLED] unsafe legacy renegotiation disabled (_ssl.c:997)')))"
68,Les manuscrits de Madame Bovary. Edition intégrale sur le web.,http://www.bovary.fr/,2009,200
69,The Workdiaries of Robert Boyle,http://www.livesandletters.ac.uk/wd/index.html,2004,200
70,Bracton Online. Bracton: De Legibus Et Consuetudinibus Angliæ,http://amesfoundation.law.harvard.edu/Bracton/,2003,200
71,May Bragdon Diaries,https://maybragdon.lib.rochester.edu/,2016,200
72,Georg Brandes: Digitale Hovedstrømninger,https://www.georgbrandes.dk/,2019,200
73,Briefe adeliger Frauen (16.-18. Jh.). Beziehungen und Bezugssysteme,http://www.univie.ac.at/Geschichte/Frauenbriefe/,1999,200
74,Brieven en Correspondenten rond 1900. Digitale editie.,https://brieven-correspondenten-1900.huygens.knaw.nl,2016,200
75,British War Poetry in the Age of Romanticism 1793-1815,https://romantic-circles.org/editions/warpoetry/,2004,200
76,Das Brixener Dommesnerbuch,https://homepage.uni-graz.at/de/andrea.hofmeister/forschung/editionsprojekt-die-schriften-des-brixner-dommesners-veit-feichter/brixner-dommesnerbuch/,2001,200
77,Richard Brome Online,https://www.dhi.ac.uk/brome/,2010,200
78,The Charles Brockden Brown Electronic Archive and Scholarly Edition,http://brockdenbrown.cah.ucf.edu/,1998,200
79,New Letters from Charles Brown to Joseph Severn (1821-1842),https://romantic-circles.org/editions/brownsevern/,2007,200
80,'Clotel' by William Wells Brown: An Electronic Scholarly Edition,http://rotunda.upress.virginia.edu:8080/clotel/,2006,"HTTPConnectionPool(host='rotunda.upress.virginia.edu', port=8080): Max retries exceeded with url: /clotel/ (Caused by NewConnectionError('<urllib3.connection.HTTPConnection object at 0x7f3f7e7b6680>: Failed to establish a new connection: [Errno 113] No route to host'))"
81,Nachlass Franz Brümmer,http://bruemmer.staatsbibliothek-berlin.de/nlbruemmer/,2007,200
82,Das Bücherinventar der Elisabeth von Calenberg: Edition und Anmerkungen.,http://diglib.hab.de/edoc/ed000082/start.htm,2011,200
83,"Paolo Bufalini's Notebook, 1981–1991 - The digital edition",http://projects.dharc.unibo.it/bufalini-notebook/,2018,200
84,Die Kabinettsprotokolle der Bundesregierung,http://www.bundesarchiv.de/cocoon/barch/0000/index.html,2003,200
85,Burckhardt Source,http://burckhardtsource.org/,2015,200
86,Ferruccio Busoni – Briefe und Schriften,https://busoni-nachlass.org,2016,200
87,Lord Byron and his Times,http://lordbyron.org/,2011,200
88,"Cædmon's Hymn: A Multi-media Study, Edition and Archive",http://www.boydell.co.uk/43840448.HTM,2005,404
89,Callythea,http://www.cn-telma.fr//callythea/index/,2012,200
90,Corpus of the Inscriptions of Campā,http://isaw.nyu.edu/publications/inscriptions/campa/,2012,200
91,The Electronic Campsey Project,http://margot.uwaterloo.ca/campsey/cmphome_e.html,2007,200
92,An Electronic Corpus of 15th Century Castilian Cancionero Manuscripts,http://cancionerovirtual.liv.ac.uk,2007,"HTTPConnectionPool(host='cancionerovirtual.liv.ac.uk', port=80): Max retries exceeded with url: / (Caused by NewConnectionError('<urllib3.connection.HTTPConnection object at 0x7f3f7e7b7400>: Failed to establish a new connection: [Errno -2] Name or service not known'))"
93,Cantar de Mio Cid,https://miocid.wlu.edu/?v=nor,2002,200
94,Cantus Network: libri ordinarii of the Salzburg metropolitan province (Beta-Version),https://gams.uni-graz.at/context:cantus/sdef:Context/get?locale=de,2017,200
95,Project CARDS / Project FLY,http://alfclul.clul.ul.pt/cards-fly/index.php,2012,200
96,The Carlyle Letters Online,https://carlyleletters.dukeupress.edu/,2007,200
97,Cartago,http://www.cartago.nl,2005,200
98,"The Diary, Correspondence, and Papers of Robert ""King"" Carter of Virginia, 1701-1732",http://staging.carter.lib.virginia.edu,2000,"HTTPConnectionPool(host='staging.carter.lib.virginia.edu', port=80): Max retries exceeded with url: / (Caused by NewConnectionError('<urllib3.connection.HTTPConnection object at 0x7f3f7e7a4640>: Failed to establish a new connection: [Errno -2] Name or service not known'))"
99,Le Cartulaire de la Seigneurie de Nesle,http://www.cn-telma.fr/nesle/index/,2006,200
100,Cartulaires d'Île-de-France,http://elec.enc.sorbonne.fr/cartulaires/,2009,200
101,The Casebooks Project. A digital edition of Simon Forman's and Richard Napier's medical records 1596-1634.,http://www.magicandmedicine.hps.cam.ac.uk/,2013,200
102,The Willa Cather Archive,http://cather.unl.edu,1997,200
103,Catullus Online - An Online Repertory of Conjectures on Catullus,http://catullusonline.org/,2009,200
104,"La entretenida by Miguel de Cervantes: A Digital, Annotated Edition and an English Translation",http://entretenida.outofthewings.org/index.html,2014,200
105,Electronic Variorum Edition of the Quixote (EVE-DQ),http://cervantes.tamu.edu/V2/CPI/index.html,1998,200
106,"A Description of the Valley of Chamouni, in Savoy. By Samuel Glover",https://romantic-circles.org/editions/chamouni/index.html,2018,200
107,"Four Early Chan Texts from Dunhuang – A TEI-based Edition 早期禪宗文獻四部 —— 以TEI標記重訂敦煌寫卷:楞伽師資記,傳法寶紀,修心要論,觀心論",https://zenodo.org/record/1133490#.WuR5t65l_IU,2018,200
108,The Charette Project 2,http://web.archive.org/web/*/http://lancelot.baylor.edu/,1991,200
109,« DigiLivres » : LANCELOT (Chrétien de Troyes: Le Chevalier de la Charette),http://web.archive.org/web/20080415015129/http://homepage.mac.com/guyjacqu/lancelot.html,2002,200
110,Correspondance d'Isabelle de Charrière,https://charriere.huygens.knaw.nl,2019,403
111,CHARTA: Corpus Hispánico y Americano en la Red: Textos Antiguos,http://www.corpuscharta.es/consultas.html,2015,406
112,Caxton's Canterbury Tales: The British Library Copies on CD-ROM,http://www.sd-editions.com/caxtons/index.html,2003,200
113,Geoffrey Chaucer's Book of the Duchess: a hypertext edition,http://web.archive.org/web/20141204201458/http://www.ucalgary.ca/ucpress/online/pubs/duchess/Websample/titlepge.htm,1997,200
114,CantApp: The General Prologue. An Edition in an App.,http://www.sd-editions.com/CantApp/GP/,2020,200
115,The Canterbury Tales Project: The Hengwrt Chaucer Digital Facsimile,http://www.sd-editions.com/hengwrt/index.html,2000,200
116,The Hengwrt Chaucer Standard Edition,http://www.sd-editions.com/HgStandard/diffs.htm,2003,200
117,The Canterbury Tales Project: The Miller's Tale on CD-ROM,http://www.sd-editions.com/miller/index.html,2004,200
118,The Canterbury Tales Project: The Nun's Priest's Tale on CD-ROM,http://www.sd-editions.com/NP/index.html,2006,200
119,The Wife of Bath's prologue and tale: from the Canterbury Tales,na,1998,Invalid URL 'na': No schema supplied. Perhaps you meant http://na?
120,"A. C. Chavannes et sa ""Science générale de l'homme"" (1788)",http://lumieres.unil.ch/projets/chavannes,2019,200
121,Online Chopin Variorum Edition (OCVE). 2003-2004 (OCVE1) bzw. 2005-2008 (OCVE2),http://www.ocve.org.uk,2003,404
122,Digitale Edition und Kommentierung der Tagebücher des Fürsten Christian II. von Anhalt-Bernburg (1599–1656),http://www.tagebuch-christian-ii-anhalt.de/,2013,200
123,"A London Provisioner's Chronicle, 1550-1563, by Henry Machyn",http://quod.lib.umich.edu/m/machyn/,2006,200
124,Éditions en ligne de l'École des chartes (ELEC): Chroniques latines de Saint-Denis,http://elec.enc.sorbonne.fr/chroniqueslatines/,2006,200
125,St. Louis Circuit Court Records,http://digital.wustl.edu/stlcourtrecords/index.html,2012,200
126,Civil War Governors of Kentucky - Digital Documentary Edition,http://discovery.civilwargovernors.org/,2016,"HTTPConnectionPool(host='discovery.civilwargovernors.org', port=80): Max retries exceeded with url: / (Caused by ConnectTimeoutError(<urllib3.connection.HTTPConnection object at 0x7f3f7e7a5f90>, 'Connection to discovery.civilwargovernors.org timed out. (connect timeout=10)'))"
127,Clusius Correspondence: A Digital Edition-in-Progress,http://clusiuscorrespondence.huygens.knaw.nl/,2015,200
128,Digitale Edition der Handschrift Cod. Guelf. 64 Weiss,http://diglib.hab.de/edoc/ed000006/start.htm,2007,503
129,Der Codex Laureshamensis,http://archivum-laureshamense-digital.de/de/codex_laureshamensis/codex.html,2015,404
130,Codex Suprasliensis,http://suprasliensis.obdurodon.org/,2011,200
131,Codice diplomatico della Lombardia medievale,http://www.lombardiabeniculturali.it/cdlm/,2000,200
132,The Samuel Taylor Coleridge Archive,https://web.archive.org/web/20100312073610/http://etext.lib.virginia.edu:80/stc/Coleridge/stc.html,1994,200
133,Samuel Taylor Coleridge & Robert Southey. The Fall of Robespierre (1822),https://romantic-circles.org/editions/robespierre/,2007,200
134,Samuel Taylor Coleridge: The Wanderings of Cain,https://romantic-circles.org/editions/cain/,2003,200
135,Colonial Despatches - The colonial despatches of Vancouver Island and British Columbia 1846-1871,http://bcgenesis.uvic.ca/,2008,200
136,Comparatio: Des chants liturgiques médiévaux,http://comparatio.irht.cnrs.fr,2016,200
137,The Model Edition Partnership: Documentary History of the First Federal Congress,http://www.gwu.edu/~ffcp/,2009,200
138,The Documentary History of the Ratification of the Constitution,http://digital.library.wisc.edu/1711.dl/History.Constitution,2018,200
139,Constitutiones et acta publica imperatorum et regum 1357–1378 [Urkunden Kaiser Karls IV. 1357–1378],http://telota.bbaw.de/constitutiones/,2012,200
140,Constitutiones et Acta publica imperatorum et regum. Dokumente zur Geschichte des Deutschen Reiches und seiner Verfassung 1357-1378. Elektronische Vorabedition.,,2001,Invalid URL '': No schema supplied. Perhaps you meant http://?
141,Divisiekroniek van Cornelius Aurelius,http://resources.huygens.knaw.nl/divisiekroniek/index_html,2011,200
142,Corpus Augustinianum Gissense a Cornelio Mayer editum,https://cag-online.net/,1996,200
143,Corpus Coranicum – Textdokumentation und historisch-kritischer Kommentar zum Koran,https://corpuscoranicum.de,2007,200
144,Corpus Juris Canonici (1582),http://digidev.library.ucla.edu/canonlaw/,2006,200
145,CMCL - Corpus dei Manoscritti Copti Letterari,http://www.cmcl.it,2003,200
146,Corpus Medicorum Graecorum / Latinorum,http://pom.bbaw.de/cmg/,2005,200
147,Corpus Rhythmorum Musicum (saec. IV-IX) - I,http://www.corimu.unisi.it/,2009,200
148,S’écrire au XIXe siècle. Une correspondance familiale,http://correspondancefamiliale.ehess.fr/index.php,2015,200
149,Cozroh-Codex (BayHStA HL Freising 3a) - Digitale Edition,https://www.bayerische-landesbibliothek-online.de/cozroh,2010,200
150,The Cullen Project,http://www.cullenproject.ac.uk,2015,200
151,Gli anni della cupola. 1417-1436,http://www.operaduomo.firenze.it/cupola/,2001,200
152,Cursus. An Online Resource of Medieval Liturgical Texts,http://www.cursus.org.uk,2006,200
153,Inscriptions of Greek Cyrenaica / Greek Verse Inscriptions of Cyrenaica,https://igcyr.unibo.it/,2017,200
154,Dafydd ap Gwilym.net,http://www.dafyddapgwilym.net/,2007,200
155,"Daisne, Johan: De trein der traagheid",http://edities.kantl.be/daisne/index.htm,2012,200
156,Dante Alighieri: Commedia - A Digital Edition,https://dantecommedia.it/,2010,200
157,ILTweb Digital Dante Project,http://dante.ilt.columbia.edu,1992,200
158,Dante: Monarchia,https://www.danteonline.it/monarchia/,2006,200
159,Princeton Dante Project,http://etcweb.princeton.edu/dante/,1997,404
160,The Complete Work of Charles Darwin Online,http://darwin-online.org.uk/,2002,200
161,Darwin Correspondence Project,http://www.darwinproject.ac.uk/,2016,200
162,Erasmus Darwin. The Temple of Nature (1803),https://romantic-circles.org/editions/darwin_temple/,2006,200
163,Dasypodius' Dictionarium Latinogermanicum,http://diglib.hab.de/edoc/ed000008/start.htm,2007,200
164,Edizione digitale dell'Epistolario di Alcide De Gasperi,https://www.epistolariodegasperi.it/#/,2019,200
165,Édition critique des carnets de prison et de la correspondance privée d’Henri Delescluze à Belle-Île (1851-1853),http://elec.enc.sorbonne.fr/delescluze/,2015,200
166,1641 Depositions,http://1641.tcd.ie/,2007,200
167,"The Destruction of Troy. A Diplomatic and Color Facsimile Edition of Hunterian MS V.2.8 in Glasgow University Library, John Clerk of Whalley",https://web.archive.org/web/20070720151934/http://www.press.umich.edu/titleDetailDesc.do?id=6547,2001,200
168,"A Social Edition of the Devonshire MS (BL Add 17,492)",http://en.wikibooks.org/wiki/The_Devonshire_Manuscript,2012,200
169,The Correspondence of John Dewey,http://www.nlx.com/collections/132,1999,200
170,Dickinson Electronic Archives,http://www.emilydickinson.org,1994,200
171,Emily Dickinson’s Correspondences: A Born-Digital Textual Inquiry,https://rotunda.upress.virginia.edu/edc/,2008,200
172,Digenis Akritis: Greek and Slavic,http://digenis.obdurodon.org,2017,200
173,"Digital Day Thoughts: A comparative encoding of the quarto and octavo editions of *The Relief; or, Day Thoughts: a Poem* (1754) by Henry Jones.",http://www.scholarsgrotto.com/collections.php,2014,200
174,Digital Renaissance Editions,https://digitalrenaissance.uvic.ca,2015,200
175,The Digital Temple: A Documentary Edition of George Herbert’s English Verse,https://digitaltemple.rotunda.upress.virginia.edu,2012,200
176,Digital Variants:,http://www.digitalvariants.org,1996,"HTTPConnectionPool(host='www.digitalvariants.org', port=80): Max retries exceeded with url: / (Caused by ConnectTimeoutError(<urllib3.connection.HTTPConnection object at 0x7f3f7e7a64a0>, 'Connection to www.digitalvariants.org timed out. (connect timeout=10)'))"
177,Српски дигитални дипломатар / Diplomatarium Serbicum Digitale,http://www.bisanu.rs/,2015,"HTTPConnectionPool(host='www.bisanu.rs', port=80): Max retries exceeded with url: / (Caused by ConnectTimeoutError(<urllib3.connection.HTTPConnection object at 0x7f3f7e7c4a90>, 'Connection to www.bisanu.rs timed out. (connect timeout=10)'))"
178,Diplomatische Dokumente der Schweiz (DodiS),http://www.dodis.ch/,1997,200
179,Benjamin Disraeli: Alroy,https://romantic-circles.org/editions/alroy/,2005,200
180,"Domesday Explorer, Version 1.0, Professional Edition",http://www.domesdaybook.net/,2000,200
181,Hyperdonat - Une édition électronique des commentaires de Donat aux comédies de Térence,http://hyperdonat.ens-lyon.fr/,2007,200
182,Digital Donne: The Online *Variorum*,http://digitaldonne.tamu.edu/index.html,2005,200
183,Jean Donneau de Visé: Les Nouvelles nouvelles,http://www.unifr.ch/nouvellesnouvelles/index.html,2014,404
184,Frederick Douglass Papers - Digital Edition,http://frederickdouglass.infoset.io/,2016,"HTTPConnectionPool(host='frederickdouglass.infoset.io', port=80): Max retries exceeded with url: / (Caused by NewConnectionError('<urllib3.connection.HTTPConnection object at 0x7f3f7e7a7190>: Failed to establish a new connection: [Errno -2] Name or service not known'))"
185,The Dream of the Rood: An Electronic Edition,https://web.archive.org/web/20160918183122/http://www.dreamofrood.co.uk:80/,2002,200
186,[Theodore] Dreiser Web Source,https://web.archive.org/web/20191024001213/http://www.library.upenn.edu/collections/rbm/dreiser/,2002,200
187,DSE: The FEB-Web Scholarly Digital Edition,http://feb-web.ru/indexen.htm,2002,"HTTPConnectionPool(host='feb-web.ru', port=80): Max retries exceeded with url: /indexen.htm (Caused by ConnectTimeoutError(<urllib3.connection.HTTPConnection object at 0x7f3f7e7c5a20>, 'Connection to feb-web.ru timed out. (connect timeout=10)'))"
188,La correspondance du chancelier Antoine Du Bourg (1535-1538),http://elec.enc.sorbonne.fr/dubourg/,2012,200
189,"Friedrich Dürrenmatt: Die Physiker. Multimediale Dokumentation zum Text, zur Entstehung und zur Wirkungsgeschichte auf CD-ROM",http://web.archive.org/web/20170201133036/http://www.nb.admin.ch/sla/03131/03132/03574/03655/index.html?lang=en,2001,200
190,Protokolle des Duisburger Notgerichts von 1537-1545 – Elektronische Edition,http://www.rmnet.uni-trier.de/cgi-bin/RMnetIndex.tcl?hea=qf&for=qnotgeru,2005,200
191,Das Duisburger Stadtrecht von 1518 – Elektronische Edition,http://www.rmnet.uni-trier.de/cgi-bin/RMnetIndex.tcl?hea=qf&for=qfley1518,2004,200
192,Louise Dumont an Gustav Lindemann – Eine digitale Briefedition,https://web.archive.org/web/20180412224235/http://www.louise-dumont.de/,2013,200
193,Durham Liber Vitae,http://web.archive.org/web/20170917142323/http://dlv.org.uk/,2003,200
194,E-Sequence: Audiovisuelle digitale Repräsentation von Sequenzen Notkers des Stammlers († 912) aufgrund ausgewählter Handschriften.,https://www.e-sequence.eu,2013,200
195,Early Stuart Libels: an edition of poetry from manuscript sources.,http://www.earlystuartlibels.net/htdocs/index.html,2005,406
196,Ferdinand Ebner: Gesammelte Werke. Online Edition.,http://wfe.sbg.ac.at/exist/apps/Frontpage/index.html,2014,200
197,Thomas A. Edison Papers,http://edison.rutgers.edu/,2005,200
198,Éditions en ligne de l'École des chartes (ELEC): L'édit de Nantes et ses antécédents (1562-1598),http://elec.enc.sorbonne.fr/editsdepacification/,2004,200
199,Effectus Amoris széphistória a XVI. századból. Digitális kritikai kiadás,http://magyar-irodalom.elte.hu/effectus/,1998,200
200,The Model Edition Partnership: The Papers of Dwight David Eisenhower,https://web.archive.org/web/20090421081014/http://adh.sc.edu/de/de-table.html,1999,200
201,Enquêtes menées sous les derniers capétiens,http://www.cn-telma.fr//enquetes/index/,2007,200
202,Epigraphische Sammlung der Universität Graz,http://gams.uni-graz.at/context:epsg,2016,200
203,ePistolarium: Circulation of Knowledge and Learned Practices in the 17th-century Dutch Republic,http://ckcc.huygens.knaw.nl/epistolarium/,2013,200
204,Песме Ерлангенског рукописа - Erlangenski rukopis,http://www.erl.monumentaserbica.com,2014,"HTTPConnectionPool(host='www.erl.monumentaserbica.com', port=80): Max retries exceeded with url: / (Caused by NewConnectionError('<urllib3.connection.HTTPConnection object at 0x7f3f7e7c6920>: Failed to establish a new connection: [Errno -2] Name or service not known'))"
205,Alfred Escher - Briefedition,http://www.briefedition.alfred-escher.ch/,2012,200
206,Estoria de Espanna Digital,https://blog.bham.ac.uk/estoriadigital/,2016,200
207,An Encomium on Henry VIII and Elizabeth I by George Etheridge — British Library Royal MS 16 C X,http://hellenic-institute.uk/research/Etheridge/,2012,200
208,Euripides Scholia,http://euripidesscholia.org/,2010,200
209,The Exeter Anthology of Old English Poetry,,2006,Invalid URL '': No schema supplied. Perhaps you meant http://?
210,Correspondence between Henri Fantin-Latour and Otto Scholderer (1858-1902),http://quellen-perspectivia.net/en/fantin-scholderer/start,2014,200
211,Kritische Online-Edition der Tagebücher Michael Kardinal von Faulhabers (1911–1952),http://www.faulhaber-edition.de/index.html,2015,200
212,Faustedition / Johann Wolfgang Goethe: Faust. Historisch-kritische Edition,http://faustedition.net/,2018,200
213,Feldpost - II. Weltkrieg,https://briefsammlung.de/feldpost-zweiter-weltkrieg/,2009,200
214,Henry III Fine Rolls Project,http://www.frh3.org.uk/,2005,"HTTPSConnectionPool(host='frh3.org.uk', port=443): Max retries exceeded with url: / (Caused by SSLError(SSLError(1, '[SSL: WRONG_SIGNATURE_TYPE] wrong signature type (_ssl.c:997)')))"
215,An Uninteresting Detail of a Journey to Rome by Ann Flaxman,https://romantic-circles.org/editions/flaxman/index.html,2014,200
216,The Fleischmann Diaries,http://fleischmanndiaries.ucc.ie/,2013,200
217,digi Florimont - archive numérique du 'Roman de Florimont' d'Aimon de Varennes,http://digiflorimont.huma-num.fr/flsite/florimont.html#,2017,200
218,Flos - Digital Edition. Leonardo Pisano: Flos super solutionibus quorundam questionum ad numerum et ad geometriam vel ad utrumque pertinentium,http://iu.di.unipi.it/flos/#,2009,200
219,Theodor Fontane: Notizbücher. Digitale genetisch-kritische und kommentierte Edition,https://fontane-nb.dariah.eu/,2015,200
220,"Jacques de Fonteny's Livre d'Enigmes - Manuscript of an Early 17th-Century Para-Emblematic, Illustrated Sonnet Sequence.",http://diglib.hab.de/edoc/ed000166/start.htm,2012,200
221,Fontes Civitatis Ratisponensis: Das Älteste Bürgeraufnahmebuch der Reichsstadt Regensburg,http://bhgw20.kfunigraz.ac.at/bb1.htm,1997,"HTTPConnectionPool(host='bhgw20.kfunigraz.ac.at', port=80): Max retries exceeded with url: /bb1.htm (Caused by NewConnectionError('<urllib3.connection.HTTPConnection object at 0x7f3f7e7c7760>: Failed to establish a new connection: [Errno -2] Name or service not known'))"
222,"Fontes Civitatis Ratisponensis: Die Cameralia des Stadtarchivs Regensburg, Bd. 11: Ausgebbuch, Ausgaben der Stadt Regensburg 1429 - 1435",http://bhgw20.kfunigraz.ac.at/editions/c11/index.htm,2006,"HTTPConnectionPool(host='bhgw20.kfunigraz.ac.at', port=80): Max retries exceeded with url: /editions/c11/index.htm (Caused by NewConnectionError('<urllib3.connection.HTTPConnection object at 0x7f3f7e7dc400>: Failed to establish a new connection: [Errno -2] Name or service not known'))"
223,Fontes Civitatis Ratisponensis: Das Stiftungsbuch des Bruderhauses (Bestand Almosenamt),http://bhgw20.kfunigraz.ac.at/editions/ab1488/index.htm,2003,"HTTPConnectionPool(host='bhgw20.kfunigraz.ac.at', port=80): Max retries exceeded with url: /editions/ab1488/index.htm (Caused by NewConnectionError('<urllib3.connection.HTTPConnection object at 0x7f3f7e7c6fe0>: Failed to establish a new connection: [Errno -2] Name or service not known'))"
224,Éditions en ligne de l'École des chartes (ELEC): Le formulaire d'Odart Morchesne d'après la version du ms BnF fr. 5024,http://elec.enc.sorbonne.fr/morchesne/,2004,200
225,Visualizing Statues in the Late Antique Roman Forum - Inscription Database,https://web.archive.org/web/20180129213641/http://inscriptions.etc.ucla.edu:80/index.php/inscription-database/,2011,200
226,Founders Online,https://founders.archives.gov,2013,200
227,John Foxe's The Acts and Monuments Online,https://www.johnfoxe.org/,2011,403
228,John Foxe's Book of Martyrs,https://web.archive.org/web/20110913155818/http://www.hrionline.ac.uk/johnfoxe/,2001,200
229,Frankenstein by Mary Wollstonecraft Shelley.,https://romantic-circles.org/editions/frankenstein,2009,200
230,The Papers of Benjamin Franklin,https://franklinpapers.org/,1988,200
231,Der Erste Weltkrieg in Selbstzeugnissen. Auszüge aus Beständen der Sammlung Frauennachlässe – 1914-1918/19,https://www.univie.ac.at/Geschichte/sfn/index.php?option=com_content&view=article&id=83&Itemid=64&lang=en,2014,404
232,In Transition: Selected Poems by the Baroness Elsa von Freytag-Loringhoven,http://digital.lib.umd.edu/transition/,2009,Exceeded 30 redirects.
233,The Firstling/Erstling/He Complex by Baroness Elsa von Freytag-Loringhoven,http://scholarlyediting.org/2012/editions/baroness/main.baroness.html,2012,200
234,Gesamtausgabe der Briefe Friedrich Fröbels,https://editionen.bbf.dipf.de/briefedition-friedrich-froebel/ueber-die-edition,2008,200
235,The Online Froissart - A Digital Edition of the Chronicles of Jean Froissart,https://www.dhi.ac.uk/onlinefroissart/,2010,200
236,Briefe der Fruchtbringenden Gesellschaft und Beilagen. Die Zeit Fürst Ludwigs von Anhalt-Köthen 1617–1650. 1. Bd.: 1617–1626.,http://diglib.hab.de/edoc/ed000213/start.htm,2014,200
237,Galileo Galilei's Notes on Motion - Ms. Gal. 72,http://www.mpiwg-berlin.mpg.de/Galileo_Prototype/MAIN.HTM,1998,200
238,Benito Pérez Galdós: Torquemada en la hoguera. On-Line Edition,https://www.dhi.ac.uk/galdos/index.html,2005,200
239,Documents linguistiques galloromans,http://www.rose.uzh.ch/docling/,2009,200
240,The Model Edition Partnership: The Marcus Garvey and UNIA Papers,https://web.archive.org/web/20090421081330/http://adh.sc.edu/mg/mg-table.html,1999,200
241,The Gascon Rolls Project (1317-1468),http://www.gasconrolls.org/en/,2010,404
242,Carl Friedrich Gauß Letters,http://gauss.adw-goe.de/,2016,200
243,Het Geraardsbergse handschrift,http://geraardsbergen.huygens.knaw.nl/,2003,200
244,The Geese Book,http://geesebook.asu.edu,2012,200
245,German Heritage in Letters,https://germanletters.org,2019,200
246,Key Documents of German-Jewish History: A Digital Source Edition,https://jewish-history-online.net,2015,200
247,Chronik des Gettos Lodz / Litzmannstadt. Das letzte Jahr.,https://web.archive.org/web/20181215175000/http://www.ghettochronik.de/de/,2009,200
248,Édition génétique des Caves du Vatican d'André Gide,https://www.dhi.ac.uk/gide-les-caves-du-vatican/data/sommaire/front.htm,2001,200
249,The Gipsy Prince by Thomas Moore & Michael Kelly,https://romantic-circles.org/editions/gipsy_prince,2012,200
250,Glossae in Martianum. Die Glossen zu Martianus Capella im Codex 193 der Kölner Dombibliothek.,http://www.martianus.mueze.lmu.de/index.htm,2010,200
251,Glossae Scripturae Sacrae-electronicae (Gloss-e): Gloses et commentaires de la Bible latine au Moyen Âge,https://gloss-e.irht.cnrs.fr,2016,200
252,The Diary of William Godwin,http://godwindiary.bodleian.ox.ac.uk,2010,200
253,"Fables: Ancient and Modern. Adapted for the Use of Chilrden by William Godwin, Esq.",https://romantic-circles.org/editions/godwin_fables/index.html,2014,200
254,"Joannes Antonides van der Goes, Ystroom (1671)",https://deystroom.huygens.knaw.nl,2015,403
255,Der junge Goethe in seiner Zeit,http://www.jgoethe.uni-muenchen.de/,1998,200
256,"L'ipertesto d'autore: ""La famiglia dell'antiquario"" di Carlo Goldoni in edizione elettronica su CD-ROM",na,1996,Invalid URL 'na': No schema supplied. Perhaps you meant http://na?
257,Édition digitale et étude de la polémique autour de Góngora,http://obvil.sorbonne-universite.fr/corpus/gongora/,2014,200
258,Manuscrito digital de Juan Goytisolo,http://goytisolo.unibe.ch/,2013,200
259,Queste del saint Graal,http://txm.ish-lyon.cnrs.fr/bfm/,2013,200
260,Grabbe-Portal,http://www.grabbe-portal.de,2011,200
261,epidat ─ Forschungsplattform für jüdische Grabsteinepigraphik,http://www.steinheim-institut.de/cgi-bin/epidat?lang=de,2006,200
262,The Papers of Ulysses S. Grant Digital Edition,https://rotunda.upress.virginia.edu/founders/GRNT.html,2018,200
263,Diary of Robert Graves 1935-39 and ancillary material,http://graves.uvic.ca/,2002,200
264,The Thomas Gray (1716-1771) Interactive Online Commentary,http://www.thomasgray.org/,2000,200
265,The Great Parchment Book of The Honourable The Irish Society,http://www.greatparchmentbook.org/,2012,200
266,Papers of General Nathanael Greene,https://web.archive.org/web/20090103134016/http://adh.sc.edu/ng/ng-table.html,1999,200
267,Ferdinand Gregorovius Poesie und Wissenschaft - Gesammelte deutsche und italienische Briefe,https://gregorovius-edition.dhi-roma.it,2017,200
268,The Griffin by Thomas D'Arcy Morris,https://romantic-circles.org/editions/griffin,2018,200
269,The William Elliot Griffis Collection: Online Prototype,https://web.archive.org/web/20080516085000/http://www.ceth.rutgers.edu/projects/Griffis/project.htm,1999,200
270,The Correspondence of Hugo Grotius,http://grotius.huygens.knaw.nl/years,2009,200
271,Grundtvigs Værker – en tekstkritisk og kommenteret udgave af N.F.S. Grundtvigs trykte forfatterskab.,http://grundtvigsvaerker.dk,2010,200
272,Het Gruuthusehandschrift,https://www.kb.nl/themas/middeleeuwen/het-gruuthusehandschrift,2017,200
273,Francesco Guicciardini: Storia d'Italia,https://guicciardini-storia-italia.huma-num.fr,2019,"HTTPSConnectionPool(host='guicciardini-storia-italia.huma-num.fr', port=443): Max retries exceeded with url: / (Caused by SSLError(SSLError(1, '[SSL: UNSAFE_LEGACY_RENEGOTIATION_DISABLED] unsafe legacy renegotiation disabled (_ssl.c:997)')))"
274,"Guillelmus Autissiodorensis, Summa de officiis ecclesiasticis. Kritisch-digitale Erstausgabe",http://guillelmus.uni-koeln.de/,2007,200
275,Edition Ludwig Gumplowicz,http://gams.uni-graz.at/context:lge,2010,200
276,Editionsprojekt Karl Gutzkow - Kommentierte digitale Gesamtausgabe,http://projects.exeter.ac.uk/gutzkow/Gutzneu/edition/index.htm,2000,200
277,Johann Georg Hamann: Kommentierte Briefausgabe,https://www.hamann-ausgabe.de,2020,200
278,Das virtuelle Hamburgische Urkundenbuch,http://www.spaetmittelalter.uni-hamburg.de/hamburgisches_ub/,2001,200
279,The Papers of Alexander Hamilton Digital Edition,https://rotunda.upress.virginia.edu/founders/ARHN.html,2011,200
280,Bess of Hardwick's Letters. The Complete Correspondence c. 1550-1608.,https://www.bessofhardwick.org/home.jsp,2013,200
281,The Charles Harpur Critical Archive,http://charles-harpur.org/,2015,200
282,The [Samuel] Hartlib Papers,https://www.dhi.ac.uk/hartlib/,1996,200
283,Hartmann von Aue - Portal,http://www.fgcu.edu/rboggs/hartmann/,2003,404
284,Hartmann von Aue: Der arme Heinrich. Textgeschichtliche elektronische Ausgabe,http://digi.ub.uni-heidelberg.de/ahd/,2018,200
285,Der Botaniker Carl Haussknecht - Reisen im Osmanischen Reich und Persien des 19. Jahrhunderts,http://haussknecht.thulb.uni-jena.de/index.php?id=301,2018,200
286,Hearth Tax Digital,http://gams.uni-graz.at/context:htx,2019,200
287,Christoph Heidmanns Oratio de Bibliotheca Julia,http://diglib.hab.de/edoc/ed000084/start.htm,2013,200
288,Heinrich Heine Portal,http://germazope.uni-trier.de/Projects/HHP,2002,200
289,Heinricus de Antwerpe: Tractatus de captione urbis Brandenburg,https://web.archive.org/web/20151226035209/http://golm.rz.uni-potsdam.de/hva/Default.htm,1998,200
290,Felicia Dorothea Hemans: The Sceptic. A Hemans-Byron Dialogue (1820),https://romantic-circles.org/editions/sceptic/,2004,200
291,"Physicians' Lives in the Shenandoah Valley Henkel Family Letters, 1786-1907",http://www.nlm.nih.gov/hmd/digicolls/henkel/index.html,2010,200
292,The Model Edition Partnership: The Papers of Joseph Henry,https://web.archive.org/web/20090421081023/http://adh.sc.edu/jh/jh-table.html,2000,200
293,de Heresi: Documents of the Early Medieval Inquisition,http://medieval-inquisition.huma-num.fr/,2018,200
294,Letters of William Herle Project,http://www.livesandletters.ac.uk/herle/index.html,2006,200
295,Hesperia - Banco de datos de lenguas paleohispanicas,http://hesperia.ucm.es/index.php,2005,200
296,Hexenregister des Claudius Musiel Hexenverfolgungen im Trierer Land zwischen 1586 und 1594. Elektronische Edition,http://www.rmnet.uni-trier.de/cgi-bin/RMnetIndex.tcl?hea=qf&for=qfhxmusiel,2005,200
297,Aloys Hirt - Briefwechsel und aAmtliche Schriften,https://aloys-hirt.bbaw.de/index.xql,2019,200
298,Historische Rechtsquellen,http://www.e-archiv.li/editionHome.aspx?eid=2,2001,200
299,Ludvig Holbergs Skrifter,http://holbergsskrifter.dk/,2015,200
300,"The Holinshed Project (Raphael Holinshed: Chronicles of England, Scotland, and Ireland)",http://www.cems.ox.ac.uk/holinshed/,2008,404
301,Registers van de Hollandse grafelijkheid 1299-1345,http://resources.huygens.knaw.nl/registershollandsegrafelijkheid,2014,200
302,Homer Multitext,http://www.homermultitext.org/,2014,200
303,William Hone: The Political House that Jack Built,https://romantic-circles.org/editions/hone/index.html,1998,200
304,The Hooke Folio Online,http://www.livesandletters.ac.uk/cell/Hooke/Hooke.html,2008,200
305,Ödön von Horváth: Historisch-kritische Ausgabe – Digitale Edition,http://gams.uni-graz.at/context:ohad,2016,200
306,Hugh of Saint Victor’s De quinque septenis (On the Five Sevens) and Its Versification in Samuel Presbiter’s De oratione dominica (On the Lord’s Prayer),http://scholarlyediting.org/2016/editions/intro.dunning.html,2016,200
307,Alexander von Humboldt - Christian Gottfried Ehrenberg - Briefwechsel,http://telota.bbaw.de/AvHBriefedition/,2011,200
308,Edition Humboldt Digital,https://edition-humboldt.de,2001,200
309,davidhume.org,http://www.davidhume.org,2011,200
310,Hungarus Digitalis. Digitale Quellenedition - Königreich Ungarn,http://www.univie.ac.at/digihung,2008,200
311,Leigh Hunt Online: The Letters,http://digital.lib.uiowa.edu/leighhunt/,2008,200
312,Huon d'Auvergne Digital Archive,http://huondauvergne.org/,2017,200
313,Henrik Ibsens skrifter (Henrik Ibsen's Writings),http://www.ibsen.uio.no/,1998,200
314,August Wilhelm Ifflands dramaturgisches und administratives Archiv,https://iffland.bbaw.de/index.xql,2017,200
315,Inquisitions post Mortem - Mapping the Medieval Countryside,http://www.inquisitionspostmortem.ac.uk/,2015,200
316,IAA - Inscriptiones Alborum Amicorum,http://iaa.bibl.u-szeged.hu/index.php?page=home,2003,200
317,Inscriptiones Graecae,http://telota.bbaw.de/ig/,2013,200
318,IOSPE - Ancient Inscriptions of the Northern Black Sea,http://iospe.kcl.ac.uk/index.html,2011,"HTTPSConnectionPool(host='iospe.kcl.ac.uk', port=443): Max retries exceeded with url: /index.html (Caused by SSLError(SSLError(1, '[SSL: WRONG_SIGNATURE_TYPE] wrong signature type (_ssl.c:997)')))"
319,IRT - The Inscriptions of Roman Tripolitania,https://irt2021.inslib.kcl.ac.uk/en/,2009,"HTTPSConnectionPool(host='irt2021.inslib.kcl.ac.uk', port=443): Max retries exceeded with url: /en/ (Caused by SSLError(SSLError(1, '[SSL: WRONG_SIGNATURE_TYPE] wrong signature type (_ssl.c:997)')))"
320,Libraria: Éditions d’inventaires anciens de bibliothèques médiévales,http://www.libraria.fr/editions-inventaires,2009,404
321,Von Island nach Jerusalem – Eine annotierte Webedition des Itinerars des Abtes Nikulás,http://www.nikulas.ds.uni-tuebingen.de/omeka/neatline/fullscreen/itinerar-nikulas,2015,200
322,The Papers of Andrew Jackson Digital Edition,https://rotunda.upress.virginia.edu/founders/JKSN.html,2015,200
323,Arxiu Virtual Jaume I - Documents d'època medieval relatius a la Corona d'Aragó,http://www.jaumeprimer.uji.es/,2006,200
324,The Selected Papers of John Jay Digital Edition,https://rotunda.upress.virginia.edu/founders/JNJY.html,2014,200
325,The Papers of Thomas Jefferson Digital Edition,https://rotunda.upress.virginia.edu/founders/TSJN.html,2008,200
326,Maria Jane Jewsbury: The Oceanides,https://romantic-circles.org/editions/oceanides/,2003,200
327,The Yale Digital Edition of the Works of Samuel Johnson,http://www.yalejohnson.com,2014,200
328,The Cambridge Edition of the Works of Ben Jonson,https://universitypublishingonline.org/cambridge/benjonson/,2012,200
329,"József Attila összes tanulmánya és cikke Szövegek, 1930–1937",http://textus.elte.hu/ja/index.html,2012,200
330,Journals of the Lewis and Clark Expedition,https://lewisandclarkjournals.unl.edu,2003,200
331,The James Joyce Digital Archive: Ulysses & Finnegans Wake,http://jjda.ie,2018,200
332,MS Junius 11 - Bodleian Digital Texts 1,http://www.evellum.com/index.php?page=shop.product_details&flypage=flypage_bodleian.tpl&product_id=6&category_id=2&option=com_virtuemart&Itemid=293,2004,406
333,"Engelbert Kaempfer: Amoenitatum Exoticarum Politico-Physico-Medicarum Fasciculi V. Lemgo 1712. Edition, Übersetzung und Kommentar.",http://diglib.hab.de/edoc/ed000081/startx.htm,2010,200
334,Franz Kafka: Der Process,http://www.textkritik.de/fka/dokumente/process.htm,1997,200
335,Kalevalan Aino,http://aino.finlit.fi/omeka,2017,200
336,Kroniek van Kampen,https://kroniekvankampen.huygens.knaw.nl,2017,403
337,Kritische Gesamtausgabe der Schriften und Briefe Andreas Bodensteins von Karlstadt,http://diglib.hab.de/edoc/ed000216/start.htm,2012,200
338,John Keats. A Rediscovered Letter by John Keats (1818),https://romantic-circles.org/editions/keats/index.html,1998,200
339,"Kekaumenos, *Consilia et Narrationes* (SAWS edition)",https://ancientwisdoms.ac.uk/library/kekaumenos-consilia-et-narrationes/index.html,2013,"HTTPSConnectionPool(host='ancientwisdoms.ac.uk', port=443): Max retries exceeded with url: /library/kekaumenos-consilia-et-narrationes/index.html (Caused by SSLError(SSLError(1, '[SSL: WRONG_SIGNATURE_TYPE] wrong signature type (_ssl.c:997)')))"
340,Gottfried Keller: Sämtliche Werke,http://www.gottfriedkeller.ch/hkka/projekt.php,1996,200
341,"Harry Graf Kessler, Das Tagebuch 1880-1937. Online-Ausgabe.",https://edview.dla-marbach.de,2004,200
342,Søren Kierkegaards Skrifter,http://sks.dk,2007,200
343,Briefe und Akten zur Kirchenpolitik Friedrichs des Weisen und Johanns des Beständigen 1513 bis 1532,http://bakfj.saw-leipzig.de,2018,200
344,The Athanasius Kircher [Correspondence] Project,https://web.stanford.edu/group/kircher/cgi-bin/site/?page_id=7,1998,200
345,Athanasius Kircher an Herzog August den Jüngeren. Lateinische Briefe der Jahre 1650-1666,http://diglib.hab.de/edoc/ed000005/start.htm,2003,200
346,Paul Klee – Bildnerische Form- und Gestaltungslehre,http://www.kleegestaltungslehre.zpk.org/ee/ZPK/Archiv/2011/01/25/00001/,2012,200
347,Wolfgang Koeppen: Jugend - Textgenetische Edition,http://www.koeppen-jugend.de/,2016,200
348,Kolb-Proust Archive for Research,http://www.library.uiuc.edu/kolbp/,1994,200
349,[Das Kundige Bok] Göttinger Statuten im 15. Jahrhundert,http://kundigebok.stadtarchiv.goettingen.de/kb2Web/html/,2010,404
350,Kurländische Güterurkunden,https://www.herder-institut.de/bestaende-digitale-angebote/datenbanken/kurlaendische-gueterurkunden.html,2003,404
351,La Harpe et la Russie (1783-1795),http://lumieres.unil.ch/projets/la-harpe,2019,200
352,SVEA-Pommern - Karten und Texte der Schwedischen Landesaufnahme von Pommern 1692-1709,http://www.svea-pommern.de/,2007,200
353,Kabinettsprotokolle der Landesregierung von Nordrhein-Westfalen,http://protokolle.archive.nrw.de/,2008,200
354,"Letitia Elizabeth Landon's ""Verses"" and The Keepsake for 1829",https://romantic-circles.org/editions/lel/index.html,1998,200
355,John Langhorne: Solyman and Almena - An Oriental Tale,http://web.archive.org/web/20080616091917/http://www.historiker.de/projekte/orient/,2000,200
356,The Model Edition Partnership: Papers of Henry Laurens,https://web.archive.org/web/20090421081017/http://adh.sc.edu/hl/hl-table.html,2000,200
357,Early English Laws,https://earlyenglishlaws.ac.uk/,2009,"HTTPSConnectionPool(host='earlyenglishlaws.ac.uk', port=443): Max retries exceeded with url: / (Caused by SSLError(SSLError(1, '[SSL: WRONG_SIGNATURE_TYPE] wrong signature type (_ssl.c:997)')))"
358,Mini Lazarillo. Edición mínima del Lazarillo de Tormes,http://minilazarillo.github.io,2016,200
359,Lazarraga Eskuizkribua: edizioa eta azterketa / The Lazarraga Manuscript: Edition and study,http://www.ehu.eus/monumenta/lazarraga/,2010,"HTTPSConnectionPool(host='www.ehu.eus', port=443): Max retries exceeded with url: /monumenta/lazarraga/ (Caused by SSLError(SSLError(1, '[SSL: UNSAFE_LEGACY_RENEGOTIATION_DISABLED] unsafe legacy renegotiation disabled (_ssl.c:997)')))"
360,"Lebenswelten, Erfahrungsräume und politische Horizonte der ostpreußischen Adelsfamilie Lehndorff vom 18. bis in das 20. Jahrhundert",https://lebenswelten-lehndorff.bbaw.de/index.xql,2019,200
361,Gottfried Wilhelm Leibniz: Naturwissenschaftlich- medizinisch-technische Schriften – Reihe VIII der Akademieausgabe,http://leibnizviii.bbaw.de,2007,200
362,Briefportal Leibniz. Ausgewählte Briefe in HTML,https://leibniz-briefportal.adw-goe.de/start,2016,404
363,Lessings Übersetzungen,http://diglib.hab.de/edoc/ed000146/start.htm,2011,200
364,Letters of 1916,http://letters1916.maynoothuniversity.ie/,2013,200
365,Letters of Clemency from the Chancery of Brittany,http://web.archive.org/web/20080221092434/http://palissy.humana.univ-nantes.fr/cete/txt/Remission/index.en.html,1998,200
366,Liber...censualium (1187) (BayHStA HL Freising 6),http://www.bayerische-landesbibliothek-online.de/liber-censualium-edition-evangelientext,2011,200
367,The Liber Genealogus G,http://www.piggin.net/stemmahist/libertext.htm,2009,200
368,Liber Glossarum,http://liber-glossarum.huma-num.fr/,2016,200
369,Liber Matriculae - Il libro della matricola dei notai di Vercelli (sec. XIV-XVIII),http://www.librinlinea.it/titolo/liber-matriculae-il-libro-della-matric/TO00906900,1999,200
370,L'edizione digitale del Liber Privilegiorum Sanctae Montis Regalis Ecclesiae,http://vatlat3880.altervista.org,2008,200
371,Dokumente zur liechtensteinischen Geschichte zwischen 1928 und 1950,http://www.e-archiv.li/editionHome.aspx?eid=1,2011,200
372,Dokumente zur liechtensteinischen Geschichte zwischen 1900 und 1930,http://www.e-archiv.li/editionHome.aspx?eid=8,2015,200
373,The Model Edition Partnership: Abraham Lincoln Legal Papers,https://web.archive.org/web/20090421081313/http://adh.sc.edu/ll/ll-table.html,2000,200
374,The Linnaean Correspondence,http://linnaeus.c18.net/,2000,200
375,Société du comte de la Lippe (1742-1747),http://lumieres.unil.ch/projets/lippe,2013,200
376,Justus Lipsius' De Bibliothecis Syntagma,http://diglib.hab.de/edoc/ed000001/start.htm,2017,200
377,Livingstone's 1871 Field Diary,http://livingstone.library.ucla.edu/1871diary/index.htm,2011,200
378,Livingstone Online - Explore the manuscripts of David Livingstone,https://www.livingstoneonline.org/index.php,2004,200
379,Li livres de jostice et de plet,http://elec.enc.sorbonne.fr/josticeetplet/,2016,200
380,Virginie Loveling: In Oorlogsnood. Virginie Lovelings dagboek 1914-1918,https://www.dbnl.org/tekst/love002oorl01_01/colofon.php,2004,200
381,Lublin w Dokumencie,http://teatrnn.pl/lublinwdokumencie,2010,404
382,The *Lucula noctis* Project,http://web.wlu.ca/history/cnighman/LN/index.html,2015,200
383,The Augsburg Web Edition of Llull's Electoral Writings,https://www.math.uni-augsburg.de/htdocs/emeriti/pukelsheim/llull/,2001,200
384,The Minor Works of John Lydgate,http://www.minorworksoflydgate.net,2015,200
385,Samuel Taylor Coleridge & William Wordsworth. Lyrical Ballads (1798-1805),https://romantic-circles.org/editions/LB/,2003,200
386,Lyrik des deutschen Mittelalters,http://www.ldm-digital.de/,2012,200
387,Maamme kirja - digitaalinen editio,http://maammekirja.fi,2018,200
388,The Thomas MacGreevy Archive,http://www.macgreevy.org,2001,200
389,The Dolley Madison Digital Edition,http://rotunda.upress.virginia.edu/dmde,2004,200
390,The Papers of James Madison Digital Edition,https://rotunda.upress.virginia.edu/founders/JSMN.html,2010,200
391,Mächtekongresse 1818–1822. Digitale Edition,https://maechtekongresse.acdh.oeaw.ac.at/pages/index.html,2018,200
392,Historische Methode und Arbeitstechnik der Magdeburger Zenturien. Edition ausgewählter Dokumente,http://diglib.hab.de/edoc/ed000086/start.htm,2012,200
393,Malory Project,http://www.maloryproject.com/,2006,200
394,The Electronic *Manipulus florum* Project,http://web.wlu.ca/history/cnighman,2001,200
395,Digitale Edition des steirisch-landesfürstlichen Marchfutterurbars von 1414/1426,http://hfi.uni-graz.at/mfu/#fo674,2012,"HTTPConnectionPool(host='hfi.uni-graz.at', port=80): Max retries exceeded with url: /mfu/ (Caused by ConnectTimeoutError(<urllib3.connection.HTTPConnection object at 0x7f3f7e64eb30>, 'Connection to hfi.uni-graz.at timed out. (connect timeout=10)'))"
396,The Book of Margery Kempe:,http://english.selu.edu/humanitiesonline/kempe/,2015,200
397,MarineLives,http://www.marinelives.org/,2014,200
398,The Complete Works of Christopher Marlowe,http://www.perseus.tufts.edu/Texts/Marlowe.html,2000,200
399,Marsden Online Archive,https://marsdenarchive.otago.ac.nz/,2014,200
400,The Model Edition Partnership: The Papers of George Catlett Marshall,https://web.archive.org/web/20090421081308/http://adh.sc.edu/gm/gm-table.html,2000,200
401,The Papers of John Marshall Digital Edition,https://rotunda.upress.virginia.edu/founders/JNML.html,2014,200
402,The Benjamin Marston Diaries Project,http://www.lib.unb.ca/Texts/marston/,1996,200
403,Carolingian Scholarship and Martianus Capella: The Oldest Commentary Tradition,http://martianus.huygensinstituut.nl/path,2008,200
404,"The Diary of Mary Martin - A Family at War, 1 January - 25 May 1916",https://dh.tcd.ie/martindiary/site/index.xml,2012,503
405,MEGAdigital - Ökonomische Texte von Karl Marx im Internet,http://telota.bbaw.de/mega/,2010,200
406,Matrikelbücher der Kunstakademie München,http://matrikel.adbk.de/,2008,200
407,Rostocker Matrikelportal - Datenbankedition der Immatrikulationen an der Universität Rostock 1419-1945,http://matrikel.uni-rostock.de,2010,200
408,Il progetto [Francesco] Maurolico,http://web.archive.org/web/20080412023610/http://www.dm.unipi.it/pages/maurolic/,1999,200
409,The Medici Archives - Building Interactive Archives,http://bia.medici.org,2012,200
410,"Pietro Mellini’s Inventory in Verse, 1681",http://www.getty.edu/research/mellini/,2015,200
411,Melville Electronic Library. A Critical Archive,https://melville.electroniclibrary.org,2008,200
412,Herman Melville’s “Typee”: A Fluid Text Edition,http://rotunda.upress.virginia.edu/melville/,2006,200
413,Melville's Marginalia Online,http://melvillesmarginalia.org/,2008,200
414,EMA - Erich Mendelsohn Archiv - Der Briefwechsel von Erich und Luise Mendelsohn 1910-1953,http://ema.smb.museum/de/,2014,200
415,Códice Mendoza / Codex Mendoza,http://codicemendoza.inah.gob.mx/,2014,200
416,"Menschen en Bergen, proza-gedicht",http://menschenenbergen.huygens.knaw.nl/path,2009,200
417,Édition critique numérique des Mémoires de Léonard Michon,http://journal-michon.symogih.org/index.html,2015,200
418,Die Predigtmitschriften des Leonhard Millinger,http://diglib.hab.de/edoc/ed000232/start.htm,2014,200
419,Die Weltbeschreibung des Leonhard Millinger,http://diglib.hab.de/edoc/ed000223/start.htm,2013,200
420,Milton Reading Room,http://www.dartmouth.edu/~milton/reading_room/,1997,404
421,Die Ministerratsprotokolle Österreichs und der österreichisch-ungarischen Monarchie 1848–1918 – Digitale Edition,https://mrp.oeaw.ac.at,2018,200
422,Richard Minne en Frits Van den Berghe F. Een tong van lijntses. Geannoteerde leeseditie van de Brieven van Pierken (1931-1935),https://web.archive.org/web/20111219021517/http://www.kantl.be:80/ctb/pub/index.htm,2002,200
423,Correspondance Mirabeau - Sacconay (1731-1784),http://lumieres.unil.ch/projets/,2013,200
424,Digital Mishnah,http://www.digitalmishnah.umd.edu/,2012,200
425,"Mittelalterlabor. Transkription der Handschrift Graz, UB, Ms. 1609.",http://gams.uni-graz.at/context:malab,2019,200
426,"Mittelfränkische Urkunden, 1300 bis 1330 – Edition",http://www.rmnet.uni-trier.de/cgi-bin/RMnetIndex.tcl?hea=qf&for=qmfranku,2003,200
427,"Montaigne (Michel de), Essais (1588)",http://xtf.bvh.univ-tours.fr/xtf/view?docId=tei/B330636101_S1238/B330636101_S1238_tei.xml,2015,200
428,Michel Eyquem de Montaigne: Les «Essais»,http://web.archive.org/web/20100812052807/http://web.me.com/guyjacqu/pernon-editions/accueil.html,2003,200
429,Montedite - Édition en ligne des pensées de Montesquieu,https://www.unicaen.fr/services/puc/sources/Montesquieu/,2013,200
430,Les comptes des consuls de Montferrand (1273–1319),http://elec.enc.sorbonne.fr/montferrand/,2006,200
431,Hugo von Montfort - Das poetische Werk,http://gams.uni-graz.at/me,2007,200
432,Chroniques latines du Mont Saint-Michel (IXe-XIIe siècle),http://www.unicaen.fr/services/puc/sources/chroniqueslatines/index.php,2007,200
433,Le Roman du Mont Saint-Michel (IXe-XIIe siècle),http://www.unicaen.fr/services/puc/sources/gsp/index.php,2007,200
434,Monumenta Asiae Minoris Antiqua XI - Monuments from Phrygia and Lykaonia,http://mama.csad.ox.ac.uk,2012,200
435,Procès-verbaux de la Commission des Monuments historiques de 1848 à 1950,http://elec.enc.sorbonne.fr/monumentshistoriques/,2014,200
436,Moralische Wochenschriften,http://gams.uni-graz.at/context:mws?locale=de,2011,200
437,The Morris Online Edition,http://morrisedition.lib.uiowa.edu/,2005,200
438,The Diaries of Gouverneur Morris Digital Edition,https://rotunda.upress.virginia.edu/founders/GRMS.html,2015,200
439,In Mozart's Words [Correspondence],http://letters.mozartways.com,2011,200
440,Neue Mozart-Ausgabe: Digitalisierte Version,http://dme.mozarteum.at/DME/nma/nmapub_srch.php?l=1,2006,200
441,Mozart Briefe und Dokumente - Online Edition,https://dme.mozarteum.at/briefe-dokumente/,2006,200
442,Mozart-Libretti - Online-Edition,http://dme.mozarteum.at/DME/libretti-edition/index.php,2006,200
443,Erich Mühsam - Tagebücher,http://muehsam-tagebuch.de,2011,200
444,"eMunch - Edvard Munchs Tekster, Digitalt Arkiv",http://www.emunch.no/,2011,200
445,Robert Musil - Klagenfurter Ausgabe,,2009,Invalid URL '': No schema supplied. Perhaps you meant http://?
446,musique deoque,http://mizar.unive.it/mqdq/public/,2005,200
447,Tibetan Sources for a Social History of Mustang (Nepal),http://www.tibetanhistory.net/documents/mustang,2019,200
448,The Thomas Nashe Project,https://research.ncl.ac.uk/thethomasnasheproject/,2017,200
449,Bibliothek der Neologie,http://bdn-edition.de/,2016,200
450,RINAP – The Royal Inscriptions of the Neo-Assyrian Period,http://oracc.museum.upenn.edu/rinap/,2011,200
451,Documents on the History of Religion and Law of Pre-modern Nepal,https://abhilekha.adw.uni-heidelberg.de/nepal/editions,2013,200
452,Nero-Middleton Cartulary,http://individual.utoronto.ca/emrecordkeeping/,2004,200
453,Digital Nestle-Aland Prototype (Greek New Testament),http://nestlealand.uni-muenster.de/,2003,200
454,The Newton Project,http://www.newtonproject.sussex.ac.uk/,1998,200
455,The Chymistry of Isaac Newton,http://webapp1.dlib.indiana.edu/newton/index.jsp,2005,200
456,"Die Sankt Galler Nibelungenhandschrift, Codex 857",,2005,Invalid URL '': No schema supplied. Perhaps you meant http://?
457,HyperNietzsche,http://www.hypernietzsche.org,2001,200
458,Nietzsche Source,http://www.nietzschesource.org/,2009,200
459,Nietzsche: Werke,https://www.degruyter.com/view/serial/16016?rskey=VXSmtn&result=7,1995,200
460,Nobody by Mary Robinson,https://romantic-circles.org/editions/nobody,2013,200
461,"Norse Romanticism: Themes in British Literature, 1760-1830",https://romantic-circles.org/editions/norse/index.html,2012,200
462,Notker III. von St. Gallen: De interpretatione. Elektronische Teiledition,http://www.edkomp.uni-muenchen.de/Notker/Demo-CD/edition_frame.html,2004,200
463,Die mittelalterlichen Nowgoroder Schraen als digitale Edition,,2005,Invalid URL '': No schema supplied. Perhaps you meant http://?
464,Aleksis Kivi: Nummisuutarit. Komedia viidessä näytöksessä. Kriittinen editio. [On-line.],http://elias.finlit.fi/nummisuutarit/,2011,200
465,Dat Nuwe Boych - Das neue Buch,http://www.neuesbuch.uni-trier.de/,2012,200
466,"Devon and Exeter Oath Rolls, 1723",http://www.foda.org.uk/oaths/intro/introduction1.htm,2007,200
467,Éditions en ligne de l'École des chartes (ELEC): L’Obituaire du Saint-Mont (1406),http://elec.enc.sorbonne.fr/obituairestmont/,2004,200
468,Ogham in 3D,http://ogham.celt.dias.ie/,2015,200
469,Ogier von Dänemark / Ogier van Denemerken.,https://ogier.huygens.knaw.nl,2019,403
470,Andreas Okopenko - Tagebücher,https://edition.onb.ac.at/okopenko/,2019,200
471,"The Proceedings of the Old Bailey, London 1674 to 1834",http://www.oldbaileyonline.org/,2003,200
472,Digitaal Oorkondenboek van Noord-Brabant,http://www.donb.nl/,2010,200
473,Kant – Opus Postumum Online Edition,http://telota.bbaw.de/kant_op/index.html,2013,200
474,Ordonnances de l'hôtel du roi,http://www.cn-telma.fr/ordonnances/index/,2006,200
475,Hypertexto del Orlando Furioso,http://stel.ub.edu/orlando/,2006,200
476,Die Glossen Ekkeharts IV. im Codex Sangallensis 621,http://orosius.monumenta.ch/,2007,200
477,Orwell Diaries,http://orwelldiaries.wordpress.com/,2008,200
478,L'Ospital d'Amours by Achille Caulier,https://web.archive.org/web/20181231104508/http://toisondor.byu.edu:80/ospital/toc.htm,2002,200
479,Early Modern Ottoman Culture of Learning: Popular Learning between Poetic Ambitions and Pragmatic Concerns,https://mecmua.acdh.oeaw.ac.at,2015,200
480,Eugenio Pacelli - Kritische Online-Edition der Nuntiaturberichte von 1917-1929,http://www.pacelli-edition.de/,2010,200
481,Paesi novamente retrovati – Newe unbekanthe landte: Eine digitale Edition früher Entdeckerberichte.,http://diglib.hab.de/edoc/ed000145/start.htm,2012,200
482,Paganico: statuti della comunitá (secolo XV),https://web.archive.org/web/20050217022521/http://www.gol.grosseto.it/puam/arcstato/paganico/pagcop.htm,1997,200
483,William of Palerne. An Electronic Edition,http://www.press.umich.edu/titleDetailDesc.do?id=6462,2002,200
484,« DigiLivres » : Bernard PALISSY - « Discours Admirables... »,http://web.archive.org/web/20080405110201/http://homepage.mac.com/guyjacqu/palissy.html,2002,200
485,Henry Parlands Skrifter. Digital textkritisk utgåva,http://parland.sls.fi,2018,"('Connection aborted.', ConnectionResetError(104, 'Connection reset by peer'))"
486,The Parliament Rolls of Medieval England,http://www.sd-editions.com/PROME/,2005,200
487,Partonopeus de Blois - An Electronic Edition,https://www.dhi.ac.uk/partonopeus/,2005,200
488,Original und Kopie des ›Rappoltsteiner Parzifal‹ - Handschriftliche Überlieferung und Textgenese im 14. Jahrhundert,http://www.parzival.unibe.ch/rapp/#/,2019,200
489,Parzival-Projekt,http://www.parzival.unibe.ch/,2007,200
490,Correspondance complète et autres écrits de Guy Patin,https://www.biusante.parisdescartes.fr/patin/,2019,200
491,Saint Patrick's Confessio,http://www.confessio.ie/#,2011,403
492,Jean Paul – Sämtliche Briefe ... digital,https://www.jeanpaul-edition.de/start.html,2018,200
493,Jean Paul Portal,http://www.jean-paul-portal.uni-wuerzburg.de/startseite/,2012,200
494,Les manuscrits arabes des lettres de Paul de Tarse,https://web.archive.org/web/20190904032200/http://wp.unil.ch:80/nt-arabe/edition-electronique/,2016,200
495,"Digital Paxton: Digital Collection, Critical Edition, and Teaching Platform",http://digitalpaxton.org/,2016,200
496,"Richard Brinsley Peake: Presumption; or, The Fate of Frankenstein (1823)",https://romantic-circles.org/editions/peake/,2001,200
497,Codice Pelavicino. Edizione Digitale.,http://pelavicino.labcd.unipi.it/,2014,"HTTPConnectionPool(host='pelavicino.labcd.unipi.it', port=80): Read timed out. (read timeout=10)"
498,Glossae in Persium - Die Persius-Glossen der sogenannten Tradition B,http://www.persius.mueze.lmu.de/ghtm/gfr.htm,2010,200
499,LdoD Archive: Collaborative Digital Archive of the Book of Disquiet,https://ldod.uc.pt,2017,200
500,Digital Edition of Fernando Pessoa. Projects and Publications,http://www.pessoadigital.pt,2017,200
501,"Petrarchive - An edition of Petrarch’s songbook, Rerum vulgarium fragmenta. Bloomington (IN): Indiana University, 2013.",http://dcl.slis.indiana.edu/petrarchive/,2013,200
502,The *Liber pharetrae* Project,http://web.wlu.ca/history/cnighman/LP/index.html,2014,200
503,Progetto Pico / Pico Project,http://www.brown.edu/Departments/Italian_Studies/pico/,2003,200
504,Piers Plowman Electronic Archive,http://jefferson.village.virginia.edu/seenet/piers/,2000,200
505,The Papers of Eliza Lucas Pinckney and Harriott Pinckney Horry,http://rotunda.upress.virginia.edu/PinckneyHorry/,2012,200
506,The Papers of the Revolutionary Era Pinckney Statesmen Digital Edition,https://rotunda.upress.virginia.edu/founders/PNKY.html,2016,200
507,Pioneer Lives,https://web.archive.org/web/20190925233050/http://digital.lib.uiowa.edu:80/pioneers/,2014,200
508,The Planctus for William Longsword,http://vlib.iue.it/carrie/documents/planctus/planctus/index.html,1999,200
509,Petrus Plaoul - Editio Critica Commentarii in libris Sententiarum,https://scta.info/resource/peter-plaoul,2011,200
510,Kommentierte Online-Edition der fünf Reisetagebücher Hans Posses (1939 -1942),https://editionhansposse.gnm.de,2018,200
511,Presidential Recordings Digital Edition,https://prde.upress.virginia.edu,2014,200
512,Das virtuelle Preußische Urkundenbuch,http://www.spaetmittelalter.uni-hamburg.de/Urkundenbuch/,1999,200
513,St Gall Priscian glosses,http://www.stgallpriscian.ie/,2010,200
514,Thoughts in Prison by William Dodd,https://romantic-circles.org/editions/prison/index.html,2010,200
515,Probstuecke digital,http://probstuecke-digital.de,2019,200
516,Lateinisch-mittelniederdeutscher Psalter mit Kommentar Cod. Guelf. 81.10 Aug. 2°,http://diglib.hab.de/mss/81-10-aug-2f/start.htm,2015,200
517,Der Deutsche Ptolemaeus - Eine digitale Edition,http://echo.mpiwg-berlin.mpg.de/MPIWG:X3Y43643,2008,200
518,"Queste del saint Graal. Manuscrit Lyon, Bibliothèque municipale, P.A. 77",https://web.archive.org/web/20121028151551/http://txm.risc.cnrs.fr/txm/,2010,200
519,Thomas Raddall Electronic Archive Project,http://findingaids.library.dal.ca/thomas-head-raddall-fonds,2001,200
520,Kuno Raeber Lyrik - Historisch-Kritische Online-Edition,https://kunoraeber.ch/lyrik/,2017,200
521,Giovanni Battista Ramusio: Dei viaggi di Messer Marco Polo,http://edizionicafoscari.unive.it/it/edizioni/libri/978-88-6969-00-06/giovanni-battista-ramusio/,2015,200
522,"Edition des rapports du Militärbefehlshaber Frankreich et des Synthèses des rapports des préfets, 1940-1944 / Edition der Lageberichte des Militärbefehlshabers Frankreich und der Synthesen der Berichte der französischen Präfekten, 1940-1944",http://www.ihtp.cnrs.fr/prefets/,2006,404
523,Reading in the Alps. Private book ownership in the Catholically dominated Central Alps 1750–1800.,https://rita.acdh.oeaw.ac.at,2017,200
524,Sammlung Schweizerischer Rechtsquellen online (Portal XML/TEI),https://www.ssrq-sds-fds.ch/online/tei/,2018,200
525,Registers van de Hollandse grafelijkheid 1299-1345,http://www.historici.nl/Onderzoek/Projecten/RegistersVanDeHollandseGrafelijkheid1299-1345/index_html,2014,403
526,"Registres del'Academie, Juin 1746-Aout 1786",http://akademieregistres.bbaw.de/index.html,2012,200
527,Akten der Reichskanzlei. Weimarer Republik,http://www.bundesarchiv.de/aktenreichskanzlei/1919-1933/0000/index.html,2007,200
528,"Relationen vom russischen Hof - Berichte europäischer Diplomaten, 1690-1730",https://quellen.perspectivia.net/de/russische_relationen/start,2016,200
529,Les relations littéraires entre la France et la Hongrie au XXe siècle,http://frhu20.iti.btk.mta.hu,2016,200
530,Religiöse Friedenswahrung und Friedensstiftung in Europa (1500-1800): Digitale Quellenedition frühneuzeitlicher Religionsfrieden,http://tueditions.ulb.tu-darmstadt.de/e000001/,2018,404
531,Protokoll des Religionskolloquiums in Vilnius am 14. Juni 1585,http://diglib.hab.de/edoc/ed000004/start.htm,2006,200
532,Digitale Edition der Briefe Erdmuthe Benignas von Reuß-Ebersdorf (1670-1732),http://erdmuthe.thulb.uni-jena.de,2017,200
533,The Richard Rufus of Cornwall Project,http://rrp.stanford.edu,2013,200
534,Ulrich Richental - Die Chronik des Konzils von Konstanz,https://edition.mgh.de/001/html/,2019,200
535,Rijmkroniek van Holland (366-1305),http://www.historici.nl/Onderzoek/Projecten/Rijmkroniek,2004,403
536,Rimay János ifjúkori versgyűjteménye,https://regi.tankonyvtar.hu/hu/tartalom/tkt/rimay-janos-ifjukori/adatok.html,2007,"HTTPSConnectionPool(host='regi.tankonyvtar.hu', port=443): Max retries exceeded with url: /hu/tartalom/tkt/rimay-janos-ifjukori/adatok.html (Caused by NewConnectionError('<urllib3.connection.HTTPSConnection object at 0x7f3f7e67a8f0>: Failed to establish a new connection: [Errno -2] Name or service not known'))"
537,"Mary Darby Robinson. A Letter to the Women of England, on the Injustice of Mental Subordination (1799)",https://romantic-circles.org/editions/robinson/index.html,1998,200
538,Briefe von und an Alexander Rollett 1852-1903,http://gams.uni-graz.at/context:rollett,2008,200
539,Roman de la Rose - Digital Surrogates of Medieval Manuscripts,https://web.archive.org/web/20080820101548/http://rose.mse.jhu.edu/pages/main_frameset.htm,1998,200
540,Roman Inscriptions of Britain,https://romaninscriptionsofbritain.org,2014,200
541,The Model Edition Partnership: The Eleanor Roosevelt Papers,https://web.archive.org/web/20160603021404/https://www.gwu.edu/%7Eerpapers/,2006,200
542,The Letters of Christina Rossetti,http://rotunda.upress.virginia.edu/crossetti/,2006,200
543,The Complete Writings and Pictures of Dante Gabriel Rossetti - A Hypermedia Archive,http://jefferson.village.virginia.edu/rossetti,2000,404
544,Rostocker Urgichten des 16. Jahrhunderts in Fällen von Zauberei und Hexerei. Digitale Methoden und Lehrkonzepte auf der Testbank,https://opendata.uni-halle.de/handle/1981185920/13873,2019,200
545,Une nouvelle édition du *Rotulus de denariis*,https://journals.openedition.org/tabularia/2569?lang=en,2007,200
546,"Quellen und Dokumente zu Leben, Werk und literarischen Bezügen des Malers, Unternehmers und Diplomaten Peter Paul Rubens (1577-1640)",http://diglib.hab.de/edoc/ed000083/startx.htm,2011,200
547,The Collected Letters of Bertrand Russell: An Electronic Edition,http://www.humanities.mcmaster.ca/~russell/brletters.htm,2006,200
548,Die Heidelberger Bilderhandschrift des Sachsenspiegels,https://web.archive.org/web/20070609201827/http://www.winter-verlag-hd.de/programm/ucw/Rechtswissenschaft/body_rechtswissenschaft.html,2003,200
549,Sachsenspiegel Online,http://www.sachsenspiegel-online.de/cms/,2004,200
550,Édition électronique des chartes de l’abbaye de Saint-Denis,http://saint-denis.enc.sorbonne.fr/,2010,200
551,Restauration de l'église Saint-Germain-des-Prés,http://elec.enc.sorbonne.fr/saintgermaindespres/,2015,200
552,Le sanctoral du lectionnaire de l'office dominicain (1254-1256),http://elec.enc.sorbonne.fr/sanctoral/,2008,200
553,"Joachim von Sandrart: Teutsche Academie der Bau-, Bild- und Mahlerey-Künste, Nürnberg 1675/1679/1680",http://ta.sandrart.net/de/,2008,200
554,The Model Edition Partnership: Margaret Sanger and *The Woman Rebel*,http://modeleditions.blackmesatech.com/mep/MS/docs/ms-table.html,1999,200
555,"The Speeches and Articles of Margaret Sanger, 1911-1959: A Digital Edition",http://sangerpapers.org/documents/aboutedition.php,2015,"('Connection aborted.', RemoteDisconnected('Remote end closed connection without response'))"
556,Edizione digitale dei documenti dell'abbazia di S. Maria della Grotta di Vitulano (BN). 1200-1250,https://www.monasterium.net/mom/SMG1200-1250/collection,2018,200
557,Sappho’s Poems,http://inamidst.com/stuff/sappho/,2008,200
558,Briefwechsel Sauer - Seuffert,http://sauer-seuffert.onb.ac.at,2015,200
559,Die Schatullrechnungen Friedrichs des Großen,https://quellen.perspectivia.net/de/schatullrechnungen/start,2011,200
560,Schenker Documents Online,http://www.schenkerdocumentsonline.org/index.html,2010,"HTTPSConnectionPool(host='schenkerdocumentsonline.org', port=443): Max retries exceeded with url: /index.html (Caused by SSLError(SSLError(1, '[SSL: WRONG_SIGNATURE_TYPE] wrong signature type (_ssl.c:997)')))"
561,Georg Wilhelm Schimper. In Abyssinia. Observations on Tigre.,http://exist.ghil.ac.uk:8079/Schimper/index.html,2015,200
562,Digitale Edition der Korrespondenz August Wilhelm Schlegels,http://august-wilhelm-schlegel.de/,2014,200
563,"schleiermacher digital: Briefwechsel, Tageskalender, Vorlesungen von Friedrich Schleiermacher 1808–1834",https://schleiermacher-digital.de,2020,200
564,Arthur Schnitzler - Digitale historisch-kritische Edition (Werke 1905 bis 1931),https://www.arthur-schnitzler.de/,2018,200
565,Arthur Schnitzler: Briefwechsel mit Autorinnen und Autoren. Digitale Edition,https://schnitzler-briefe.acdh.oeaw.ac.at/,2020,200
566,"""Fräulein Else"" multimedial - Arthur Schnitzlers Novelle und ihre Adaptionen (1923-2013)",http://www.else.uni-wuppertal.de/index.html,2017,200
567,Arthur Schnitzler: Tagebuch. Digitale Edition.,https://schnitzler-tagebuch.acdh.oeaw.ac.at/pages/index.html,2019,404
568,Schopenhauer's Library *Annotations and marks in his Spanish books*,http://schopenhauer.uni.wroc.pl,2017,200
569,The Olive Schreiner Letters Online,https://www.oliveschreiner.org,2012,"HTTPSConnectionPool(host='www.oliveschreiner.org', port=443): Read timed out. (read timeout=10)"
570,Hugo Schuchardt Archiv - Korrespondenz,http://schuchardt.uni-graz.at/korrespondenz/einleitung,2004,200
571,The revised Dred Scott Case Collection,http://digital.wustl.edu/d/dre/index.html,2007,200
572,Madelaine et Georges de Scudéry: Artamène ou le Grand Cyrus,http://www.artamene.org/,2002,200
573,Secrets of Craft and Nature in Renaissance France. A Digital Critical Edition and English Translation of BnF Ms. Fr. 640,https://edition640.makingandknowing.org/#/,2020,200
574,Mitteldeutsche Selbstzeugnisse der Zeit des Dreißigjährigen Krieges,http://www.mdsz.thulb.uni-jena.de/sz/index.php,2008,200
575,Selbstzeugnisse der Frühen Neuzeit in der Herzog August Bibliothek. Digitale Edition des Diariums von Herzog August dem Jüngeren.,http://selbstzeugnisse.hab.de/edition/,2015,"(""Connection broken: InvalidChunkLength(got length b'', 0 bytes read)"", InvalidChunkLength(got length b'', 0 bytes read))"
576,Johann Christian Senckenberg (1707–1772): Digitale Edition der Tagebücher,http://senckenberg.ub.uni-frankfurt.de,2010,200
577,Sermones.net: Édition électronique d'un corpus de sermons latins médiévaux,http://www.sermones.net,2011,200
578,Johannes Serranus' Dictionarium Latinogermanicum,http://diglib.hab.de/edoc/ed000215/start.htm,2015,200
579,The Arden Shakespeare CD-ROM,http://purl.oclc.org/emls/04-2/rev_siem.html,1997,200
580,The (New) Internet Shakespeare Editions,http://internetshakespeare.uvic.ca/index.html,1996,200
581,The Shakespeare Quartos Archive,https://wayback.archive-it.org/org-467/20191016094633/http://quartos.org/,2004,200
582,The Shelley-Godwin Archive,http://shelleygodwinarchive.org/,2013,200
583,Mary Shelley: The Last Man (1826),https://romantic-circles.org/editions/mws/lastman/index.html,1997,200
584,Percy Bysshe Shelley. On the Medusa of Leonardo da Vinci in the Florentine Gallery (1819),https://romantic-circles.org/editions/shelley/medusa/index.html,1997,200
585,Mary Shelley. The Mortal Immortal (1833),https://romantic-circles.org/editions/mws/immortal/index.html,1997,200
586,Percy Bysshe Shelley. The Devil's Walk (1812),https://romantic-circles.org/editions/shelley/devil/index.html,1997,200
587,Journal of Emily Shore: Revised and Expanded,https://rotunda.upress.virginia.edu/EmilyShore/make-page.xqy,2006,200
588,The Sibley Watson Digital Archive,https://dslab.lib.rochester.edu/esw/,2018,200
589,siddham - The South Asia Inscriptions Database,http://siddham.uk/,2017,200
590,Urkundenbuch zur Geschichte der Deutschen in Siebenbürgen,http://siebenbuergenurkundenbuch.uni-trier.de/,2012,200
591,Codex Sinaiticus,http://codexsinaiticus.org/en/,2007,200
592,Scholarly Digital Editions of Slovenian Literature,http://nl.ijs.si/e-zrc/index-en.html,2004,200
593,The Works of Charlotte Smith - An Electronic Edition,https://cdrhsites.unl.edu/ctsmithsite,2006,200
594,Songs of the Victorians,http://www.songsofthevictorians.com/,2012,500
595,The Collected Letters of Robert Southey - Part One (1791-1797),https://romantic-circles.org/editions/southey_letters/Part_One/index.html,2009,200
596,The Collected Letters of Robert Southey - Part Two (1798-1803),https://romantic-circles.org/editions/southey_letters/Part_Two/index.html,2011,200
597,The Collected Letters of Robert Southey - Part Three (1804-1809),https://romantic-circles.org/editions/southey_letters/Part_Three/index.html,2013,200
598,The Collected Letters of Robert Southey - Part Four (1810-1815),https://romantic-circles.org/editions/southey_letters/Part_Four/index.html,2013,200
599,The Collected Letters of Robert Southey - Part Five (1816-1818),https://romantic-circles.org/editions/southey_letters/Part_Five/index.html,2016,200
600,The Collected Letters of Robert Southey - Part Six (1819-1821),https://romantic-circles.org/editions/southey_letters/Part_Six/index.html,2017,200
601,Robert Southey and Milleniarianism: Documents Concerning the Prophetic Movements of the Romantic Era,https://romantic-circles.org/editions/southey_prophecy,2012,200
602,Robert Southey: Wat Tyler. A Dramatic Poem,https://romantic-circles.org/editions/wattyler/,2004,200
603,Die Ausgabenbücher der Kaufmannsfamilie Spängler von 1733 bis 1785,https://www.spaengler-haushaltsbuecher.at,2020,200
604,Spohr Briefe,http://www.spohr-briefe.de,2019,200
605,St. Gall Monatery Plan - Codex Sangallensis 1092: Content and Context,http://www.stgallplan.org/,2007,200
606,Die Protokolle des Bayerischen Staatsrats 1799 bis 1817,http://www.bayerischer-staatsrat.de,2008,200
607,Stammbuch der Walpurgisherren und Bierrufer,http://walpurgisherren.editionenportal.de/index.php?id=449,2019,200
608,The Elizabeth Cady Stanton and Susan B. Anthony Papers Project,https://web.archive.org/web/20090103204623/http://adh.sc.edu/sa/sa-table.html,2000,200
609,Die Stapfer-Enquête. Edition der Helvetischen Schulumfrage von 1799,http://www.stapferenquete.ch,2015,200
610,Josef Staribacher – Tagebücher,https://staribacher.acdh.oeaw.ac.at/,2019,200
611,Die DDR im Blick der Stasi. Die geheimen Berichte an die SED-Führung,http://www.ddr-im-blick.de/,2013,200
612,Stationers’ Register Online,https://stationersregister.online,2011,200
613,Digital Statius: The Achilleid,https://achilleid.unige.ch/welcome,2019,200
614,Statuti di Vicenza del 1264,http://vicenza.statutacommunis.org/,2006,200
615,Les Manuscrits de Stendhal,http://stendhal.demarre-shs.fr/,2009,200
616,Sterling Family Papers,http://www.lib.umd.edu/dcr/collections/sterling/index.jsp,2004,200
617,Tristram Shandy Web [Laurence Sterne],http://www.tristramshandyweb.it,2000,200
618,"Internet-Edition der Handschriften zu Adalbert Stifters ""Witiko""",https://www.uibk.ac.at/germanistik/stifter/witiko/,1999,403
619,The 1916 Diary of Dorothy Stopford Price,https://dh.tcd.ie/pricediary/,2014,500
620,"Die Helvetische Strassenenquête. Eine zentrale Quelle für Verkehrsgeschichte. Quellen, Transkriptionen, Kommentare, interaktive Karten",http://www.strassenenquete.ch,2019,200
621,Kritische Ausgabe der Werke von Richard Strauss - Online-Plattform,http://www.richard-strauss-ausgabe.de,2016,200
622,Stijn Streuvels: De teleurgang van den Waterhoek (The decline of the Waterhoek),http://web.archive.org/web/20111221024740/http://www.kantl.be:80/ctb/vanhoutte/projects/teleurgang.htm,2000,200
623,Streuvels en zijn uitgevers. De brieven.,http://edities.kantl.be/streuvels/,2014,200
624,"An electronic edition of John Strype's ""A SURVEY OF THE CITIES OF London and Westminster""",https://www.dhi.ac.uk/strype/,2007,200
625,Der Sturm - Digitale Quellenedition zur Geschichte der internationalen Avantgarde,https://sturm-edition.de/,2018,200
626,Suda On Line: Byzantine Lexicography,http://www.stoa.org/sol/,2000,200
627,Travels into Several Remote Nations of the World by Lemuel Gulliver - or: Gulliver's Travels by Jonathan Swift,http://web.archive.org/web/20100313025726/http://www.jaffebros.com/lee/gulliver/index.html,1998,200
628,Online.Swift,https://www.online-swift.de/index.html,2011,200
629,The Algernon Charles Swinburne Project,http://swinburnearchive.indiana.edu/swinburne/,1997,200
630,Digitale Edition und Kommentierung der Tagebücher des Fürsten Christian II. von Anhalt-Bernburg (1599-1656),http://www.tagebuch-christian-ii-anhalt.de/,2016,200
631,Bichitra: Online Tagore Variorum,http://bichitra.jdvu.ac.in/index.php,2011,200
632,The Correspondence of William Henry Fox Talbot,http://foxtalbot.dmu.ac.uk/,1999,200
633,Teatro de Autores Portugueses do Séc. XVI,http://www.cet-e-quinhentos.com,2010,200
634,Teatro de Autores Portugueses do Séc. XVII,http://www.cet-e-seiscentos.com,2010,200
635,A Facsimile Edition of Terence's Comedies,,2011,Invalid URL '': No schema supplied. Perhaps you meant http://?
636,Édition des testaments enregistrés au parlement de Paris,http://corpus.enc.sorbonne.fr/testaments/,2012,200
637,Testaments de guerre de Poilus parisiens (1914-1918): une édition critique,http://elec.enc.sorbonne.fr/testaments-de-poilus/,2017,200
638,Le Petit Thalamus de Montpellier,http://thalamus.huma-num.fr/index.html,2014,200
639,Thecae: Inventaires mauristes,https://www.unicaen.fr/services/puc/sources/maur/accueil,2018,200
640,Thesaurus musicarum italicarum (TMI),http://euromusicology.cs.uu.nl/,2000,200
641,Corpus Thomisticum,http://www.corpusthomisticum.org/,2000,200
642,Digital Thoreau,http://digitalthoreau.org,2014,200
643,"Arkivet, Thorvaldsens Museum",http://arkivet.thorvaldsensmuseum.dk,2017,200
644,Die Korrespondenz von Leo von Thun-Hohenstein,https://thun-korrespondenz.acdh.oeaw.ac.at,2015,200
645,Verses Transcribed for H. T. by Mary Tighe,https://romantic-circles.org/editions/tighe_verses,2015,200
646,Johannes Tinctoris: Complete Theoretical Works,http://earlymusictheory.org/Tinctoris/#,2013,200
647,A Comprehensive Edition of Tocharian Manuscripts (CEToM),https://www.univie.ac.at/tocharian/,2011,200
648,Ernst Toller - Digitale Briefedition,http://www.tolleredition.de/,2017,200
649,Zacharias Topelius Skrifter,http://www.topelius.fi,2010,"('Connection aborted.', ConnectionResetError(104, 'Connection reset by peer'))"
650,Das Große Tucherbuch,https://www.nuernberg.de/internet/stadtarchiv/publikationen_einzeln_tucherbuch.html,2004,200
651,Mark Twain Project Online,http://marktwainproject.org,2007,200
652,The Mark Twain Papers & Project / Mark Twain Project Online,http://bancroft.berkeley.edu/MTP/,2002,200
653,Mark Twain in His Times,http://etext.lib.virginia.edu/railton/index2.html,1996,200
654,The Siege of Gibraltar & Miscellaneous Pieces: The Works of Catherine Upton,https://romantic-circles.org/editions/upton/index.html,2017,200
655,Urfehdebücher der Stadt Basel – digitale Edition,http://gams.uni-graz.at/context:ufbas,2017,200
656,Urkundenbuch der Steiermark. Band I: Von den Anfängen bis 1192,http://gams.uni-graz.at/collection:stub,2007,200
657,The annotated Utrecht Psalter,http://psalter.library.uu.nl,2015,200
658,Utrechtse Kronieken,http://www.utrechtsekronieken.nl,2015,200
659,Vincent van Gogh - The Letters,http://vangoghletters.org/vg/,2012,200
660,Van Nu en Straks. De Brieven,http://vnsbrieven.org,2011,200
661,Lope de Vega - La Dama Boba - EDICIÓN CRÍTICA Y ARCHIVO DIGITAL,http://damaboba.unibo.it/index.html,2015,200
662,Heinrich von Veldeke – Eneasroman,na,2003,Invalid URL 'na': No schema supplied. Perhaps you meant http://na?
663,The Digital Vercelli Book,http://vbd.humnet.unipi.it/,2013,200
664,A Facsimile Edition of the Vernon Manuscript,,2011,Invalid URL '': No schema supplied. Perhaps you meant http://?
665,Verse Miscellanies Online - Printed Poetry Collections of the Sixteenth and Seventeenth Centuries,http://versemiscellaniesonline.bodleian.ox.ac.uk/,2011,200
666,Andreas Vesalius: De Humani Corporis Fabrica,http://vesalius.northwestern.edu/,2003,200
667,Vespasiano da Bisticci: Lettere,http://vespasianodabisticciletters.unibo.it/index.html,2013,200
668,Bases Textuelles de l'Atelier Vincent de Beauvais,http://atilf.atilf.fr/bichard/,2004,200
669,Vindolanda Tablets Online,http://vindolanda.csad.ox.ac.uk/,2001,200
670,Volkssprachige Originalurkunden aus Metzer Archiven bis zum Jahr 1270 – Elektronische Edition,http://www.rmnet.uni-trier.de/cgi-bin/RMnetIndex.tcl?hea=qf&for=qpitzreg,2005,200
671,Walewein ende Keye,http://www.waleweinendekeye.huygens.knaw.nl/path/home,2011,200
672,Regensburger Wappen- und Porträtbücher,http://www-gewi.uni-graz.at/cocoon/rpb/,2012,200
673,The Papers of George Washington Digital Edition,https://rotunda.upress.virginia.edu/founders/GEWN.html,2007,200
674,The Harry Watkins Diary: Digital Edition,https://quod.lib.umich.edu/h/hwatkins/,2018,200
675,Carl-Maria-von-Weber-Gesamtausgabe (WeGA) [Digitale Präsentation],http://www.weber-gesamtausgabe.de/de/Index,2011,200
676,The Papers of Daniel Webster Digital Edition,https://rotunda.upress.virginia.edu/founders/WBST.html,2018,200
677,Die autobiographischen Aufzeichnungen Hermann Weinsbergs,http://www.weinsberg.uni-bonn.de/,2002,200
678,The Wellington Valley Project,https://downloads.newcastle.edu.au/library/cultural%20collections/the-wellington-valley-project/,2002,200
679,Welscher Gast Digital,http://digi.ub.uni-heidelberg.de/wgd/,2015,200
680,The Correspondence of James McNeill Whistler,http://www.whistler.arts.gla.ac.uk/,2003,200
681,The Walt Whitman Archive,https://whitmanarchive.org/index.html,1995,200
682,[Walt Whitman:] Crossing Brookly Ferry,http://msr-archives.rutgers.edu/CBF/,2008,200
683,Wiener Grundbücher - Digitale Edition,https://grundbuecher.acdh.oeaw.ac.at,2019,200
684,The Life of Saint Wilfrid by Edmer of Canterbury,http://www.evellum.com/index.php?page=shop.product_details&flypage=flypage.tpl&product_id=3&category_id=1&option=com_virtuemart&Itemid=224,1998,406
685,Wilhelmine von Bayreuth: Briefe über ihre Reise nach Frankreich und Italien 1754/1755,https://quellen.perspectivia.net/de/wilhelmine/start,2019,200
686,Edward Ellerker Williams: Sporting Sketches during a Short Stay in Hindustane (1814),https://romantic-circles.org/editions/sketches/index.html,2002,200
687,The Papers of Woodrow Wilson Digital Edition.,https://rotunda.upress.virginia.edu/founders/WILS.html,2017,200
688,Wittgenstein's Nachlass - The Bergen Electronic Edition (BEE),http://wab.aksis.uib.no/wab_BEE.page,1998,"HTTPConnectionPool(host='wab.aksis.uib.no', port=80): Max retries exceeded with url: /wab_BEE.page (Caused by NewConnectionError('<urllib3.connection.HTTPConnection object at 0x7f3f7e64eb00>: Failed to establish a new connection: [Errno -3] Temporary failure in name resolution'))"
689,Wittgenstein Source,http://www.wittgensteinsource.org/,2015,200
690,Adam Wodeham - Editio Critica Electronica Ordinationis Oxoniensis,https://web.archive.org/web/20170610090514/http://adamwodeham.org/text/questions/wodehamordinatio,2013,200
691,The Woodman Diary,https://web.archive.org/web/20190919170943/http://dhprojects.maynoothuniversity.ie:80/woodman,2015,200
692,Woolf Online,http://www.woolfonline.com/,2013,200
693,From Goslar to Grasmere. William Wordsworth: Electronic Manuscripts,http://collections.wordsworth.org.uk/GtoG/home.asp?page=FrontPage,2008,200
694,William Wordsworth's Guide to the Lakes,https://romantic-circles.org/editions/guide_lakes,2015,200
695,"Georg Büchner: Woyzeck. Faksimile, Transkription, Emendation und Lesetext",,2002,Invalid URL '': No schema supplied. Perhaps you meant http://?
696,"Wschowska księga grodzka, 1495-1526",https://atlas.ihpan.edu.pl/gis/agad_wschowa_i2_pub/index.php,2018,200
697,Wulf & Eadwacer,https://web.archive.org/web/20061207211321/http://www.wmich.edu:80/medieval/research/rawl/wulf/,2001,200
698,The Electronic [Wulfstan's] Sermo Lupi ad Anglos,http://web.archive.org/web/20090214003757/http://english3.fsu.edu:80/~wulfstan/,1996,200
699,Wulfstan's Eschatological Homilies,http://webpages.ursinus.edu/jlionarons/wulfstan/Wulfstan.html,2000,"HTTPConnectionPool(host='webpages.ursinus.edu', port=80): Max retries exceeded with url: /jlionarons/wulfstan/Wulfstan.html (Caused by ConnectTimeoutError(<urllib3.connection.HTTPConnection object at 0x7f3f7e624d60>, 'Connection to webpages.ursinus.edu timed out. (connect timeout=10)'))"
700,The Yellow Nineties Online,http://www.1890s.ca,2012,200
701,Der Zürcher Sommer 1968: Die digitale Edition,http://www.cosmov.uzh.ch/edition68.html,2008,200
702,Huldrych Zwingli Briefe: Digitale Texte,http://www.irg.uzh.ch/static/zwingli-briefe/,2011,200
703,Древнерусские берестяные грамоты,http://gramoty.ru,2007,200
704,Das Kirchenbuch zu Gröben von 1578-1769,http://kirchenbuch-groeben.de/,2009,200
705,Digitale Edition der Missa in E-Dur von Simon Sechter,http://www.digital-musicology.at/de-at/edi_sechter.html,2015,200
706,Kaiser Leopold I.: Digitale Edition des Sepolcro „Il Sagrifizio d'Abramo“,http://www.digital-musicology.at/sagrifizio/de/index.html,2016,200
707,Elizabeth Montagu Correspondence Online,http://emco.swansea.ac.uk/edition/introduction/,2020,200
708,"*Hortus sanitatis* : Livre IV, *Les Poissons*",https://www.unicaen.fr/puc/sources/depiscibus/,2013,200
709,*La nature des dieux* Cicéron,https://www.unicaen.fr/puc/sources/ciceron/accueil,2019,200
710,Geoffroi Malaterra: *Histoire du Grand Comte Roger et de son frère Robert Guiscard*,https://www.unicaen.fr/puc/sources/malaterra/,2016,200
711,The Greek Bible in Byzantine Judaism,https://www.gbbj.org/,2010,200
712,Hermann Burger: Lokalbericht. Digitale Edition,http://www.lokalbericht.ch/,2016,200
713,hallerNet,http://www.hallernet.org/,2019,200
714,CTP2 - Canterbury Tales - Textual Communities Edition,https://textualcommunities.org/app/community/?id=5aaa517f8d92a41bfffafacc&route=view&document=5d4448772335e070c676ef97&page=5d444867d8f0ec0000133e93,2018,200
715,Controversia et Confessio: Quellenedition zur Bekenntnisbildung und Konfessionalisierung (1548-1580),www.controversia-et-confessio.de/cc-digital/digitale-edition.html,2012,Invalid URL 'www.controversia-et-confessio.de/cc-digital/digitale-edition.html': No schema supplied. Perhaps you meant http://www.controversia-et-confessio.de/cc-digital/digitale-edition.html?
716,Johann Wolfgang von Goethe - Briefwechsel mit Friedrich Wilhelm Riemer,https://ores.klassik-stiftung.de/ords/f?p=408,2020,200
717,"Das Kloster-Tagebuch des Einsiedler Paters Joseph Dietrich, 1670-1704 - Kommentierte Online-Edition",http://www.dietrich-edition.unibe.ch/,2018,200
718,Anton Webern Gesamtausgabe: Beispieleditionen ausgewählter Skizzen,https://edition.anton-webern.ch/home,2020,404
719,Formulae-Litterae-Chartae: Neuedition der frühmittelalterlichen Formulae,https://www.formulae.uni-hamburg.de/edition-und-datenbank.html,2020,200
720,Romualdus Beneventanus: Chronicon,http://www1.unipa.it/paolo.monella/romualdus/index.html,2020,200
721,"Samuel Hahnemann: Digitale kritische Edition, Krankenjournal DF5",https://www.hahnemann-edition.de,2020,200
722,Johann Georg Sulzers Korrespondenzen,http://www.sulzer-digital.de/briefe/index.html,2020,200
723,The (De)collected War of the Worlds,https://decollected.net/,2019,200
724,Petrus de Ebulo: *De rebus Siculis Carmen*,https://eng-bup.unibas.it/library/DH,2020,200
725,Manfredi Potentini Vita Gerardi (BHL 3429) sive Laudatio sancti Gerardi episcopi Potenti,https://eng-bup.unibas.it/library/DH,2020,200
726,Giambattista Vico: Orationes. Digital ed. of the ms. XIII B 55 of the National Library of Naples,https://eng-bup.unibas.it/library/DH,2020,200
727,"Antonio Beccadelli (Panormita), *Alfonsi regis Triumphus - The Triumph of King Alfonso*",https://eng-bup.unibas.it/library/DH,2021,200
728,"Petrus de Prece, Adhortatio",https://eng-bup.unibas.it/library/DH,2020,200
729,"Petrus de Prece, Epistolae",https://eng-bup.unibas.it/library/DH,2020,200
730,SCRIPTA: Site Caennais de Recherche Informatique et de Publication des Textes Anciens,http://www.unicaen.fr/scripta,2013,404
731,Kaiserchronik digital,https://doi.org/10.11588/edition.kcd,2018,200
732,Frank Wedekinds Korrespondenz digital,https://briefedition.wedekind.h-da.de,2015,200
733,Digitales Archiv zum Rostocker Liederbuch (DARL),http://www.rostocker-liederbuch.de,2012,200
734,The *Chronicle* of Matthew of Edessa,https://editions.byzantini.st/ChronicleME/#/,2015,200
735,private voices: The Corpus of American Civil War Letters,https://altchive.org/,2017,200
736,Die Ingelheimer Haderbücher,https://www.haderbuecher.de/,2015,200
737,Digital Mishnah Project,https://editions.erabbinica.org/exist/apps/mishnah/$app/index.html,2018,200
738,Buddhist Stone Sutras in China,https://www.stonesutras.org,2018,200
739,The emʀooɴ database: A collection of digital editions,http://www.emroon.no/,2017,200
740,Blotius Digital: Digitale Edition des Inventars der Wiener Hofbibliothek (1576),https://edition.onb.ac.at/context:blotius,2019,200
741,Freischütz Digital,https://edition.freischuetz-digital.de/,2015,200
742,The Winnifred Eaton Archive,https://www.winnifredeatonarchive.org/,2020,200
743,Die Augsburger Baumeisterbücher: Digitale Edition der mittelalterlichen Stadtrechnungen von 1320 bis 1466,https://www.augsburger-baumeisterbuecher.de/,2017,200
744,Edition des Briefwechsels zwischen Eduard Spranger und Käthe Hadlich,https://editionen.bbf.dipf.de/briefedition-spranger-hadlich/ueber-die-edition,2017,200
745,Karl Wiesinger: Digitale Edition der Tagebücher (1961–1973),http://gams.uni-graz.at/context:wiesinger,2020,200
746,Chronik Aldersbach: Digitale Edition der Chronik des Klosters Aldersbach,http://gams.uni-graz.at/context:aled,2021,200
747,Fausto: uma existência digital,http://www.faustodigital.com/,2016,200
748,EPICAT - Cartes familiars de Catalunya (segles XVI - XIX),https://epicat.uab.cat/,2021,200
749,"Zwischen Theologie, frühmoderner Naturwissenschaft und politischer Korrespondenz: Die sozinianischen Briefwechsel",https://sozinianer.de,2021,200
750,Die Protokolle des Bayerischen Staatsrats 1799 bis 1817,https://www.bayerischer-staatsrat.de/,2012,200
751,Die Protokolle des Bayerischen Ministerrats 1945-1962 Online,https://www.bayerischer-ministerrat.de/,2017,200
752,"""En el ojo del huracán"": Cartas de Ultramar a España, 1823 - Edición digital",http://cards-fly.clul.ul.pt/teitok/ultramar/,2014,200
753,Karl Kraus 1933: Dritte Walpurgisnacht,https://kraus1933.ace.oeaw.ac.at,2019,200
754,Friedrich Dürrenmatt: Das Stoffe-Projekt,https://www.fd-stoffe-online.ch/,2021,200
755,Ein Sermon von Ablass und Gnade: a digital edition,https://editions.mml.ox.ac.uk/editions/ablassgnade6/,2018,200
756,Callimachus: Aetia,http://dcc.dickinson.edu/callimachus-aetia/preface,2016,200
757,Ubi Erat Lupa – Bilddatenbank zu antiken Steindenkmälern,http://lupa.at/,2002,200
758,Exploring Digital Mary Magdalene,https://maria-magdalena.ub.uni-freiburg.de/,2021,200
759,Klemperer Online: Tagebücher 1918–1959,https://doi.org/10.1515/klemp,2019,200
760,The Elizabeth Gaskell Journal: Digital Edition,http://elizabethgaskelljournal.com/index.html,2020,200
761,Digital Mitford: The Mary Russell Mitford Archive,https://digitalmitford.org/index.html,2013,200
762,Digital Dinah Craik,http://tapasproject.org/node/443,2016,200
763,Cretan Institutional Inscriptions,http://cretaninscriptions.vedph.it/,2016,200
764,Gottfried Semper | Der Stil | Digitale Edition,https://www.semper-edition.ch/,2020,200
765,Early Holocaust Testimony: Digital edition,https://early-testimony.ehri-project.eu/,2020,200
766,Homburger Kur- und Badelisten,https://www.lagis-hessen.de/de/klhg,2021,200
767,Etymologiae of Isidore of Seville: a digital scholarly edition,https://db.innovatingknowledge.nl/edition/,2021,200
768,O Pasquineiro da Roça: Edição dos Panfletos de Eulálio Motta,http://www.eulaliomotta.uefs.br/index.php,2013,200
769,Wiki Leopardi,http://wikileopardi.altervista.org,2016,200
770,Netzwerke der Nonnen. Edition und Erschließung der Briefsammlung aus Kloster Lüne (ca. 1460-1555),http://diglib.hab.de/edoc/ed000248/start.htm,2016,200
771,Frühneuzeitliche Geburtsbriefe aus Mainz,https://teaching-dhlab.pages.gitlab.rlp.net/geburtsbriefemainz/home/,2021,200
772,Anne Frank Manuscripten,https://annefrankmanuscripten.org/,2021,200
773,Philipp Hainhofer: Reiseberichte & Sammlungsbeschreibungen 1594–1636,https://hainhofer.hab.de/,2020,200
774,Ahiqar - The Story of Ahiqar in its Syriac and Arabic Tradition,https://ahiqar.uni-goettingen.de,2021,200
775,When the Wall Came Down. The Perception of German Reunification in International Diplomatic Documents 1989–1990,https://www.dodis.ch/q12,2019,200
776,"THOMAS BERNHARD: ""Wittgensteins Neffe"". Kommentierte Edition",https://wn.ace.oeaw.ac.at/,2021,200
777,Lettres d'Yves de Chartres,http://telma-chartes.irht.cnrs.fr/yves-de-chartres,2021,200
778,Correspondances égyptologiques. Lettres d’Auguste Mariette,https://thlebee.github.io/CoEg/,2020,200
779,Keltische Götternamen in den Inschriften der römischen Provinz Germania Inferior,https://gams.uni-graz.at/context:fercan,2018,200
780,CoReMA: Cooking Recipes of the Middle Ages,https://gams.uni-graz.at/context:corema,2020,200
781,"Quellen zur habsburgisch-osmanischen Diplomatie in der Neuzeit – Die Internuntiatur des Johann Rudolf Schmid zum Schwarzenhorn (1649): Reisebericht, Instruktionen, Korrespondenz, Berichte",http://gams.uni-graz.at/context:dipko,2019,200
782,Narragonien digital. Digitale Textausgaben von europäischen 'Narrenschiffen' des 15. Jahrhunderts.,http://www.narragonien-digital.de,2021,502
783,Notes from Egypt,https://notesfromegypt.info/index.html,2017,200
784,The Civil War & Reconstruction Governors of Mississippi Digital Documentary Edition,https://cwrgm.org/,2021,200
785,Edizione digitale Lettere di Bellini,https://licodemo.ilc.cnr.it/demo/bellini/build/,2021,200
786,Online-Edition der Protokolle der Fraktionen des Deutschen Bundestags,https://fraktionsprotokolle.de/,2017,200
787,The Papers of Martin Van Buren,http://vanburenpapers.org/,2016,200
788,Dehmel digital,https://dehmel-digital.de/,2020,200
789,"Alexander von Humboldt: Sämtliche Schriften (Aufsätze, Artikel, Essays). Berner Ausgabe digital",https://humboldt.unibe.ch/text,2021,200
790,"U.S. Constitutional Convention 1787: Grand Convention at Philadelphia, May to September, 1787, Quill Project 2019 Edition.",https://www.quillproject.net/convention/114,2019,200
791,Adams Papers Digital Edition,https://www.masshist.org/publications/adams-papers/,2022,200
792,Peter Handke Notizbücher: Digitale Edition,https://edition.onb.ac.at/handke-notizbuecher,2022,200
793,Wallace Online,http://wallace-online.org/,2012,200
794,GramsciProject,http://www.gramsciproject.org/,2022,200
795,Karl Kraus: Rechtsakten der Kanzlei Oskar Samek. Wissenschaftliche Edition,https://kraus.wienbibliothek.at/,2022,200
796,Mystische Bücher in der Bibliothek der Kartause Erfurt. Digitale Edition,https://making-mysticism.org/edition/1.0/html/,2022,200
797,kleist-digital,https://www.kleist-digital.de/,2014,200
